age,gender,country,total_playtime_hours,level_achieved,matches_played,win_rate_percentage,avg_kills_per_match,avg_deaths_per_match,accuracy_percentage,headshot_rate,reaction_time_ms,kd_ratio
58,Female,Brazil,230,100,475,54.56,4.43,3.88,51.16,20.91,269.0,1.14
47,Female,Japan,79,92,130,94.75,6.9,2.16,85.24,43.73,132.0,3.19
60,Male,South Korea,20,46,71,75.04,5.7,1.82,66.86,25.01,207.0,3.13
27,Female,Brazil,33,54,65,63.34,3.71,4.9,52.97,10.77,223.0,0.76
19,Male,Brazil,137,100,279,47.38,1.62,4.73,40.08,8.23,275.0,0.34
27,Male,Australia,24,47,36,46.96,1.27,7.71,47.35,12.08,260.0,0.16
57,Male,Australia,153,100,279,41.64,1.71,8.84,22.28,7.51,383.0,0.19
18,Male,Mexico,132,100,251,71.55,5.94,2.38,68.22,20.52,213.0,2.5
59,Female,South Korea,77,87,158,51.22,3.31,3.88,53.64,12.0,269.0,0.85
29,Male,Italy,46,61,105,75.9,4.49,1.31,58.64,33.16,202.0,3.43
16,Male,Spain,68,79,139,37.01,0.66,8.25,37.36,8.8,362.0,0.08
34,Female,Netherlands,108,100,222,76.51,6.45,0.62,76.44,32.03,140.0,10.4
44,Female,Netherlands,25,56,43,67.7,6.83,2.83,75.87,30.66,161.0,2.41
34,Female,Netherlands,215,100,439,51.04,1.55,6.56,36.82,14.98,276.0,0.24
39,Female,France,107,100,243,44.19,2.86,4.1,43.93,12.25,333.0,0.7
58,Male,France,116,100,246,54.62,2.95,4.26,46.44,11.46,314.0,0.69
27,Female,Sweden,132,100,280,51.93,3.95,5.95,62.8,16.59,203.0,0.66
56,Female,Italy,201,100,407,55.43,4.48,5.1,51.48,10.83,242.0,0.88
63,Female,Mexico,96,96,161,57.04,4.79,4.92,47.79,17.88,206.0,0.97
34,Female,Netherlands,137,100,253,54.59,1.72,5.91,37.11,11.83,316.0,0.29
40,Male,Sweden,46,71,101,60.73,2.8,3.95,43.13,19.83,203.0,0.71
54,Female,Australia,262,100,523,48.97,2.74,7.56,38.98,9.59,257.0,0.36
50,Male,South Korea,91,90,190,50.06,2.64,4.98,38.43,13.39,337.0,0.53
21,Male,Sweden,46,57,125,53.65,3.65,3.58,42.55,23.67,282.0,1.02
46,Male,Sweden,57,72,128,61.4,2.15,5.53,50.95,15.14,254.0,0.39
48,Female,Germany,11,38,47,61.83,6.27,2.75,59.66,22.82,168.0,2.28
21,Male,Netherlands,57,69,115,40.86,2.18,7.36,30.35,5.49,307.0,0.3
27,Male,Sweden,4,19,10,62.29,2.98,4.05,54.91,14.11,202.0,0.74
57,Male,Sweden,145,100,288,61.03,3.88,4.74,58.54,20.13,220.0,0.82
32,Female,Netherlands,113,91,209,35.29,0.69,5.65,33.52,9.01,396.0,0.12
20,Male,Germany,35,55,101,59.43,2.55,3.32,60.32,18.68,261.0,0.77
40,Female,Sweden,80,90,175,51.72,2.41,7.34,31.12,12.48,335.0,0.33
63,Female,Spain,83,74,176,34.29,1.46,6.57,39.16,3.23,357.0,0.22
31,Male,USA,28,59,80,78.33,8.85,0.94,75.88,37.42,193.0,9.41
28,Male,Australia,69,82,97,79.23,6.58,2.4,82.52,43.68,131.0,2.74
23,Female,South Korea,85,97,181,72.92,4.7,1.47,72.09,28.91,225.0,3.2
54,Female,Canada,68,86,109,54.64,3.34,4.22,64.6,14.38,229.0,0.79
20,Female,Canada,46,61,91,35.32,1.35,6.26,38.31,4.86,389.0,0.22
45,Male,Italy,33,56,59,51.55,3.97,5.72,44.22,24.52,245.0,0.69
22,Female,Australia,66,77,145,64.19,4.03,3.9,44.71,14.56,209.0,1.03
30,Male,UK,51,62,106,42.16,1.21,5.69,45.91,6.41,263.0,0.21
47,Male,USA,126,100,278,59.65,2.59,3.29,44.17,23.86,282.0,0.79
55,Female,Canada,210,100,407,35.31,1.48,7.69,33.54,7.78,362.0,0.19
62,Male,Japan,158,100,330,80.32,6.16,1.64,92.27,38.54,186.0,3.76
15,Female,Netherlands,87,86,177,54.87,1.33,6.77,43.49,14.8,348.0,0.2
52,Male,Brazil,48,71,63,60.3,2.73,5.4,42.68,21.71,291.0,0.51
39,Female,Australia,155,100,291,55.74,3.89,4.29,50.94,14.66,276.0,0.91
40,Male,Sweden,131,100,259,64.04,4.82,3.52,61.87,21.06,225.0,1.37
58,Male,UK,200,100,422,51.01,2.8,5.74,55.83,20.82,225.0,0.49
18,Female,Japan,96,94,201,50.79,1.06,5.5,42.54,6.46,332.0,0.19
59,Male,Netherlands,253,100,482,79.7,8.61,1.51,84.9,31.61,121.0,5.7
26,Male,Sweden,96,97,189,78.19,4.81,3.46,79.98,23.17,176.0,1.39
19,Other,Brazil,47,66,134,88.26,9.86,2.79,82.57,41.93,130.0,3.53
22,Male,Brazil,55,79,112,79.55,6.89,1.49,62.49,21.5,177.0,4.62
27,Female,Spain,121,100,235,62.24,3.13,3.27,48.56,24.72,262.0,0.96
43,Male,South Korea,51,78,111,83.32,6.67,2.97,90.52,34.22,125.0,2.25
41,Male,Italy,251,100,517,30.85,0.68,7.9,38.58,6.48,384.0,0.09
54,Female,Netherlands,114,100,218,46.69,2.42,6.93,33.48,8.61,313.0,0.35
29,Female,South Korea,85,93,180,31.06,1.04,7.67,39.92,6.32,381.0,0.14
63,Male,USA,91,97,175,56.48,4.39,4.79,62.16,16.16,260.0,0.92
41,Male,Australia,67,78,148,59.45,3.25,3.43,42.34,10.25,287.0,0.95
61,Female,UK,15,43,33,43.55,1.42,6.94,36.4,10.06,266.0,0.2
56,Male,Mexico,55,70,119,79.19,6.55,3.59,65.17,31.44,164.0,1.82
27,Male,Spain,231,100,446,50.13,2.06,4.76,51.38,17.77,200.0,0.43
38,Male,Germany,98,95,179,46.34,2.44,5.77,44.64,7.33,331.0,0.42
24,Male,Japan,170,100,358,58.83,2.63,3.71,55.7,22.45,241.0,0.71
37,Male,Mexico,174,100,346,43.87,2.73,6.68,38.96,9.88,270.0,0.41
53,Male,Japan,80,96,165,72.54,5.08,3.99,67.0,27.29,206.0,1.27
17,Male,Australia,132,100,257,43.75,1.7,7.26,34.37,7.1,349.0,0.23
16,Male,UK,17,44,51,78.85,7.86,1.11,92.87,35.03,196.0,7.08
56,Male,UK,219,100,425,70.66,5.89,2.63,58.23,25.64,159.0,2.24
60,Female,Brazil,207,100,411,49.34,1.89,7.11,34.41,6.65,290.0,0.27
53,Male,Mexico,119,100,253,43.9,1.57,7.09,30.35,3.59,398.0,0.22
43,Female,Sweden,101,93,225,73.33,4.86,2.76,57.74,34.49,167.0,1.76
15,Female,South Korea,81,88,151,72.96,4.74,3.15,74.42,30.1,211.0,1.5
65,Male,UK,184,100,407,77.85,4.24,1.99,61.21,34.82,188.0,2.13
15,Female,Canada,143,100,292,74.65,6.05,1.64,60.97,24.22,191.0,3.69
38,Male,Japan,62,78,103,33.51,0.53,9.4,39.31,5.39,333.0,0.06
62,Female,Brazil,29,56,65,50.11,4.04,5.48,43.67,12.39,279.0,0.74
29,Other,Netherlands,24,54,40,49.24,1.09,6.49,36.18,8.69,326.0,0.17
22,Male,Australia,182,100,372,76.22,5.2,3.84,65.16,31.58,198.0,1.35
14,Female,Sweden,80,92,159,63.46,4.72,3.26,63.41,22.38,279.0,1.45
36,Male,UK,118,100,237,53.01,4.42,5.55,47.23,24.28,204.0,0.8
23,Male,South Korea,88,91,157,32.25,1.31,7.88,32.9,3.12,396.0,0.17
36,Female,Italy,24,47,67,50.67,2.43,3.04,54.17,23.98,266.0,0.8
47,Male,France,17,38,10,62.34,2.04,4.63,51.49,17.48,207.0,0.44
35,Male,Netherlands,58,82,93,73.69,5.51,3.3,67.13,22.24,214.0,1.67
44,Male,Australia,62,83,131,52.59,4.62,4.84,43.93,24.44,251.0,0.95
35,Female,Netherlands,62,89,156,61.46,5.88,1.76,75.09,32.27,247.0,3.34
46,Male,Mexico,64,88,120,57.53,3.36,5.26,43.31,18.2,254.0,0.64
53,Female,Canada,302,100,618,41.34,1.84,7.41,47.12,5.99,259.0,0.25
31,Male,USA,169,100,359,65.25,6.62,1.39,73.0,21.52,212.0,4.76
14,Male,Germany,99,100,214,67.12,6.37,1.7,70.98,23.54,221.0,3.75
63,Female,Netherlands,78,92,149,63.11,2.38,5.6,54.84,11.91,242.0,0.42
14,Male,France,80,87,138,63.22,6.1,3.28,57.64,27.59,231.0,1.86
27,Female,Sweden,140,100,235,64.04,3.54,5.85,53.39,15.91,284.0,0.61
33,Male,Brazil,78,83,150,57.39,3.42,4.47,61.17,22.48,240.0,0.77
47,Male,Japan,157,100,337,55.0,3.48,4.72,45.96,21.91,248.0,0.74
17,Male,Mexico,107,91,191,35.01,0.66,6.19,38.99,5.14,316.0,0.11
55,Female,Mexico,303,100,620,46.91,1.61,4.14,36.46,10.44,305.0,0.39
39,Male,Italy,74,84,128,35.35,1.17,9.83,27.55,4.81,324.0,0.12
36,Female,USA,177,100,356,56.87,4.28,3.62,57.73,10.32,241.0,1.18
19,Male,France,32,58,78,61.64,3.02,4.69,45.12,21.13,205.0,0.64
18,Male,Japan,49,68,84,62.79,2.59,5.62,48.81,20.84,231.0,0.46
58,Male,Germany,278,100,559,93.12,6.51,0.95,82.33,31.23,135.0,6.85
45,Female,Spain,153,100,297,54.16,2.95,5.51,48.47,10.45,276.0,0.54
61,Female,Spain,119,100,252,60.54,3.98,5.97,46.63,20.08,205.0,0.67
29,Female,Mexico,354,100,712,62.27,4.01,4.0,75.06,31.8,200.0,1.0
58,Male,Netherlands,79,86,159,44.5,1.3,5.14,37.52,12.56,303.0,0.25
54,Male,Netherlands,177,100,385,31.16,0.53,5.51,28.21,9.53,363.0,0.1
42,Male,France,185,100,383,52.03,1.93,5.45,32.17,13.76,328.0,0.35
20,Female,Sweden,239,100,464,42.52,2.02,5.95,42.5,14.46,307.0,0.34
52,Male,USA,29,57,56,85.8,6.2,0.66,74.68,30.49,179.0,9.39
58,Male,Mexico,79,98,156,74.47,4.41,3.51,58.87,24.52,174.0,1.26
19,Male,Spain,106,91,213,55.58,2.76,4.47,50.19,24.8,205.0,0.62
18,Male,Sweden,236,100,522,62.84,4.16,2.88,56.36,32.55,201.0,1.44
16,Male,Mexico,116,100,239,70.54,5.68,1.51,59.94,24.78,209.0,3.76
13,Female,Spain,186,100,331,43.15,1.23,7.88,30.44,13.03,328.0,0.16
27,Male,France,26,53,41,65.94,4.41,1.44,72.44,29.64,228.0,3.06
43,Female,France,65,88,91,64.06,4.08,3.47,46.09,22.63,220.0,1.18
37,Female,USA,207,100,407,61.45,6.11,2.21,78.0,29.75,159.0,2.76
59,Male,Brazil,72,82,104,78.96,4.78,2.01,65.06,20.77,199.0,2.38
45,Male,Brazil,84,91,150,51.85,3.2,4.05,59.32,22.05,215.0,0.79
64,Male,Mexico,234,100,437,45.5,1.75,4.61,45.97,12.07,269.0,0.38
47,Female,Italy,39,56,85,45.5,1.21,6.51,32.43,14.86,328.0,0.19
17,Male,Mexico,48,72,96,55.85,3.74,5.73,53.85,12.62,237.0,0.65
17,Male,Mexico,23,48,52,76.86,5.93,2.95,76.67,33.41,241.0,2.01
48,Male,USA,240,100,477,61.9,5.63,3.22,73.92,29.1,166.0,1.75
29,Male,Italy,166,100,304,41.96,1.58,5.43,29.28,4.22,333.0,0.29
65,Male,Australia,164,100,338,50.27,3.2,4.65,55.49,19.95,283.0,0.69
64,Male,Mexico,64,85,166,53.23,2.36,5.55,43.92,24.62,284.0,0.43
26,Female,South Korea,21,53,50,47.51,2.96,4.39,36.06,11.38,285.0,0.67
41,Female,South Korea,15,37,21,53.93,1.13,6.2,41.82,11.53,275.0,0.18
20,Male,Brazil,208,100,387,55.47,4.53,3.58,60.67,18.44,276.0,1.27
46,Male,Brazil,125,100,231,89.27,6.83,1.92,91.69,36.48,197.0,3.56
52,Female,Italy,142,100,293,56.78,2.43,4.17,63.79,14.8,286.0,0.58
13,Male,Japan,102,100,225,63.22,3.05,3.25,58.11,14.67,278.0,0.94
41,Female,Netherlands,43,66,91,68.85,5.46,3.33,64.56,26.65,187.0,1.64
48,Male,France,66,82,147,55.51,3.58,5.43,49.04,17.86,267.0,0.66
63,Female,Italy,34,66,82,80.39,7.11,2.83,88.09,38.66,171.0,2.51
49,Male,Australia,30,54,70,75.59,8.47,1.77,83.64,35.39,126.0,4.79
41,Male,Spain,157,100,300,42.9,2.9,5.63,39.33,5.53,253.0,0.52
17,Female,Brazil,17,49,37,60.76,3.61,4.53,46.08,21.17,216.0,0.8
65,Male,Germany,34,64,51,52.85,3.38,3.86,46.19,19.68,265.0,0.88
44,Male,South Korea,69,74,138,52.37,1.84,4.29,35.47,14.8,309.0,0.43
64,Male,Germany,90,80,186,40.65,0.51,7.59,20.75,6.98,392.0,0.07
36,Female,South Korea,23,51,79,64.53,3.62,4.37,63.63,20.1,206.0,0.83
31,Male,Brazil,115,100,203,56.99,2.72,4.41,51.39,18.73,235.0,0.62
24,Female,Netherlands,98,95,205,32.46,1.26,9.15,33.28,5.37,393.0,0.14
64,Male,Germany,206,100,441,53.68,1.42,4.16,44.83,13.28,346.0,0.34
13,Male,UK,91,97,197,92.8,8.4,1.83,70.7,33.7,156.0,4.59
19,Female,Australia,123,100,262,49.43,2.11,6.97,35.6,10.65,258.0,0.3
29,Male,South Korea,45,66,101,46.2,2.5,6.77,49.81,7.78,299.0,0.37
46,Male,Sweden,47,62,119,54.94,3.32,5.57,57.11,23.24,220.0,0.6
55,Male,France,26,52,30,92.47,6.24,2.72,78.23,34.72,160.0,2.29
19,Male,Brazil,46,65,64,54.11,1.1,5.41,47.13,8.96,269.0,0.2
29,Female,Brazil,65,79,129,56.37,3.16,5.75,59.05,17.58,298.0,0.55
15,Male,Spain,192,100,340,69.31,4.17,1.79,65.9,22.35,244.0,2.33
41,Male,South Korea,40,75,104,51.5,1.54,6.36,44.43,14.41,338.0,0.24
34,Male,Australia,312,100,648,70.3,6.32,2.69,68.82,21.72,162.0,2.35
50,Male,Mexico,131,100,253,57.94,2.81,3.06,58.07,10.49,259.0,0.92
55,Male,Netherlands,112,100,216,58.09,4.91,4.45,41.59,18.28,284.0,1.1
41,Female,Mexico,86,84,170,64.95,3.29,3.96,62.67,12.87,261.0,0.83
62,Female,South Korea,74,79,149,56.09,2.12,4.04,46.63,20.29,294.0,0.52
62,Male,Canada,52,64,106,34.02,1.72,5.28,30.76,3.49,393.0,0.33
54,Male,Japan,22,47,55,75.33,5.97,3.47,71.19,34.53,221.0,1.72
17,Female,South Korea,41,60,78,63.87,3.55,3.35,53.2,11.9,259.0,1.06
42,Male,UK,240,100,498,47.24,2.25,4.04,33.9,9.91,345.0,0.56
35,Male,USA,125,100,258,35.75,1.14,8.57,32.08,5.09,341.0,0.13
33,Female,USA,238,100,463,53.27,4.9,3.39,49.3,10.39,222.0,1.45
38,Male,Canada,51,71,128,61.71,2.6,3.24,51.86,10.15,208.0,0.8
59,Male,South Korea,33,49,38,42.11,1.66,9.58,37.09,7.78,305.0,0.17
33,Female,France,85,97,168,61.74,4.54,5.4,52.71,13.49,284.0,0.84
32,Female,USA,42,58,103,50.91,2.96,4.62,34.51,7.12,329.0,0.64
35,Male,Italy,99,91,183,52.8,2.2,6.0,40.62,22.53,236.0,0.37
16,Male,Mexico,17,45,40,52.62,2.11,7.61,48.52,5.09,257.0,0.28
33,Male,Netherlands,9,35,28,53.76,4.01,5.66,51.5,19.1,218.0,0.71
33,Female,Germany,109,100,200,62.07,4.9,3.81,52.37,11.29,255.0,1.29
13,Male,Japan,244,100,486,85.06,6.58,1.61,78.35,37.83,166.0,4.09
27,Male,South Korea,113,99,222,40.13,2.52,6.85,37.33,5.53,325.0,0.37
29,Female,Italy,124,100,236,64.33,2.72,3.97,44.6,18.65,215.0,0.69
63,Male,Sweden,88,100,222,45.34,2.39,6.24,37.73,9.2,306.0,0.38
26,Male,Sweden,94,100,172,75.12,6.31,2.7,71.95,40.6,193.0,2.34
31,Male,Italy,21,53,62,65.41,5.11,2.71,77.04,34.13,223.0,1.89
62,Male,Australia,44,68,80,41.3,2.34,5.64,39.41,5.49,269.0,0.41
46,Male,Sweden,191,100,360,61.86,3.36,3.9,49.6,22.82,274.0,0.86
18,Female,Mexico,64,87,130,65.45,4.35,1.76,78.02,28.72,203.0,2.47
57,Female,Spain,188,100,388,58.95,3.1,5.42,53.08,11.75,212.0,0.57
61,Male,Australia,92,100,202,58.05,4.81,3.93,61.74,21.46,224.0,1.22
18,Male,South Korea,96,93,223,40.55,1.2,6.91,33.99,8.71,300.0,0.17
65,Male,Sweden,64,66,186,40.88,0.67,7.03,29.7,6.79,381.0,0.1
17,Male,USA,137,100,279,63.43,6.42,3.08,68.9,30.49,191.0,2.08
19,Male,Italy,161,100,308,77.77,8.66,1.81,85.98,35.07,192.0,4.78
45,Female,Spain,42,63,93,58.81,2.26,4.35,58.91,21.91,249.0,0.52
25,Male,Australia,23,46,40,63.42,2.8,4.23,62.46,23.44,268.0,0.66
63,Male,Brazil,12,47,42,62.88,2.27,5.59,48.02,12.67,223.0,0.41
13,Male,UK,120,100,214,68.36,4.75,1.96,58.37,24.44,207.0,2.42
25,Male,Sweden,111,100,269,68.84,5.04,3.24,77.34,31.35,183.0,1.56
55,Male,Mexico,370,100,757,74.89,4.46,1.39,63.64,32.12,174.0,3.21
39,Male,Spain,88,100,142,61.27,4.4,3.58,70.84,23.8,205.0,1.23
19,Male,Canada,77,99,139,57.91,3.97,3.7,61.61,14.64,269.0,1.07
64,Female,UK,101,98,218,30.24,1.06,6.76,30.87,3.51,379.0,0.16
15,Male,Australia,105,94,233,43.27,2.35,7.21,41.24,12.41,316.0,0.33
37,Male,Sweden,72,96,118,67.11,6.43,1.88,69.28,31.18,187.0,3.42
45,Male,France,43,65,100,54.54,3.38,5.45,63.25,18.18,266.0,0.62
52,Female,South Korea,85,83,131,43.55,0.65,6.16,34.18,8.77,385.0,0.11
29,Male,Canada,82,83,162,46.23,1.18,5.75,34.61,7.91,327.0,0.21
57,Male,Mexico,81,94,184,51.13,4.48,4.28,54.9,11.34,233.0,1.05
26,Male,Brazil,148,100,284,31.35,1.94,9.04,29.19,4.57,393.0,0.21
49,Female,Spain,84,91,137,45.17,1.32,6.25,48.88,5.04,273.0,0.21
35,Male,Germany,24,55,50,64.08,2.51,3.34,54.25,22.93,247.0,0.75
36,Male,South Korea,49,65,85,64.92,4.04,3.22,64.82,16.12,228.0,1.25
41,Male,Spain,71,91,154,58.37,2.91,3.26,40.04,16.74,283.0,0.89
50,Male,UK,87,88,156,48.58,3.0,5.15,35.61,6.6,266.0,0.58
39,Male,Spain,122,100,228,65.7,6.38,3.72,79.38,23.48,238.0,1.72
50,Male,UK,87,94,133,44.92,1.23,7.48,42.72,6.65,292.0,0.16
65,Female,Sweden,9,25,21,54.31,4.21,4.36,64.73,10.82,235.0,0.97
52,Female,Canada,27,43,50,69.64,5.51,1.95,73.23,33.12,243.0,2.83
57,Male,Spain,128,100,232,62.08,4.55,4.65,60.65,14.55,239.0,0.98
62,Male,Canada,70,83,143,66.34,5.4,1.86,79.04,24.69,159.0,2.9
35,Male,Brazil,93,95,206,57.9,2.17,3.33,45.48,16.97,243.0,0.65
43,Male,Brazil,63,83,121,62.0,4.22,4.28,48.34,14.75,277.0,0.99
48,Female,South Korea,49,70,103,30.78,0.52,8.98,29.54,3.92,323.0,0.06
29,Other,UK,65,86,135,63.99,4.58,5.13,52.06,17.8,297.0,0.89
49,Male,Australia,94,89,163,54.49,1.43,7.24,33.94,7.14,317.0,0.2
15,Male,Brazil,83,96,207,46.08,2.86,4.36,40.23,14.19,340.0,0.66
48,Male,Japan,160,100,310,78.13,7.47,2.05,73.98,44.52,193.0,3.64
17,Female,Spain,19,32,51,52.5,2.36,3.26,62.74,12.9,241.0,0.72
58,Female,Japan,22,43,59,68.98,5.8,1.22,60.67,33.97,240.0,4.75
27,Female,South Korea,69,84,135,61.72,2.06,3.98,55.7,14.13,290.0,0.52
64,Female,Spain,123,100,258,72.68,4.22,3.73,78.94,21.17,203.0,1.13
61,Male,USA,142,100,288,54.55,3.18,3.54,54.45,24.37,250.0,0.9
18,Female,Canada,51,73,73,51.24,3.86,4.02,61.4,16.52,219.0,0.96
22,Female,Sweden,3,16,10,52.87,4.31,3.8,59.18,13.09,232.0,1.13
44,Male,UK,52,67,91,46.98,2.89,7.73,34.14,8.58,264.0,0.37
35,Male,Mexico,111,100,212,70.2,5.38,3.7,78.25,25.75,199.0,1.45
60,Female,Mexico,82,88,137,53.44,2.61,4.01,36.4,9.22,272.0,0.65
29,Male,France,126,96,274,32.99,0.56,8.22,25.25,3.37,323.0,0.07
58,Female,Netherlands,186,100,404,62.03,4.55,4.45,50.4,24.67,220.0,1.02
32,Female,Italy,73,78,165,43.23,1.58,4.69,37.59,14.11,311.0,0.34
56,Female,Australia,57,79,139,83.24,9.74,0.62,75.26,38.49,169.0,15.71
53,Female,UK,38,65,69,75.79,7.61,2.12,87.45,39.57,145.0,3.59
27,Male,South Korea,22,56,31,76.87,7.71,0.82,93.69,37.13,145.0,9.4
56,Female,Brazil,16,47,16,61.49,3.49,3.93,60.3,23.01,267.0,0.89
58,Male,Germany,47,57,106,30.7,1.35,8.82,22.73,4.6,388.0,0.15
34,Male,Australia,170,100,344,75.4,9.01,1.68,81.17,30.11,185.0,5.36
62,Male,Australia,135,100,268,55.4,3.62,5.03,57.57,24.34,253.0,0.72
64,Male,Germany,55,80,135,82.99,9.81,2.11,77.45,31.9,187.0,4.65
18,Male,Canada,314,100,636,82.24,8.64,1.68,74.97,39.03,124.0,5.14
16,Female,South Korea,50,84,83,68.27,5.64,2.31,73.72,32.42,227.0,2.44
35,Male,Australia,198,100,382,40.58,1.39,6.15,48.7,13.35,334.0,0.23
56,Male,USA,230,100,473,54.55,3.29,4.41,43.93,10.47,294.0,0.75
57,Male,Australia,116,100,252,64.81,4.72,1.25,78.21,28.7,216.0,3.78
31,Male,Netherlands,46,63,103,63.67,3.04,4.86,40.97,12.8,283.0,0.63
57,Female,Italy,61,74,159,51.5,1.7,5.51,40.67,5.0,274.0,0.31
43,Male,France,95,91,222,53.12,2.75,5.42,46.99,12.87,250.0,0.51
56,Female,Japan,23,51,54,92.31,6.97,0.7,78.91,41.21,164.0,9.96
64,Female,South Korea,35,54,53,62.25,4.88,5.38,55.1,17.4,204.0,0.91
15,Male,Sweden,32,59,37,64.76,3.15,3.46,56.67,14.26,258.0,0.91
40,Female,Mexico,122,100,236,38.8,1.17,9.18,25.3,6.14,353.0,0.13
15,Male,Canada,185,100,385,59.95,4.35,4.18,56.15,12.26,293.0,1.04
26,Male,UK,138,100,312,82.66,8.92,0.55,75.13,37.31,190.0,16.22
30,Female,Brazil,165,100,338,47.91,2.86,5.94,39.81,6.2,330.0,0.48
39,Female,Sweden,43,56,109,53.7,4.7,5.73,63.58,17.8,267.0,0.82
63,Male,USA,64,86,123,75.57,4.39,2.8,55.86,27.46,165.0,1.57
22,Male,Canada,68,85,148,63.66,5.1,2.3,70.58,21.12,200.0,2.22
61,Male,South Korea,116,100,248,52.74,3.72,4.91,53.92,21.07,233.0,0.76
27,Male,Japan,48,71,56,75.3,5.3,2.45,71.2,20.28,215.0,2.16
31,Female,Italy,158,100,307,59.28,2.93,3.26,42.27,23.85,268.0,0.9
21,Male,France,226,100,470,41.91,1.71,6.37,46.71,5.44,273.0,0.27
16,Male,Japan,120,100,245,77.79,4.03,1.6,78.98,29.2,176.0,2.52
27,Female,UK,61,76,98,61.34,4.08,1.73,77.04,26.24,222.0,2.36
63,Male,Germany,40,63,31,78.37,5.22,1.57,67.93,33.62,230.0,3.32
60,Male,Brazil,32,60,56,76.32,8.77,1.93,92.69,31.84,162.0,4.54
20,Female,Germany,9,24,16,63.19,3.23,4.45,41.76,14.17,232.0,0.73
61,Female,Sweden,69,79,120,64.18,2.85,4.38,56.78,12.43,248.0,0.65
65,Female,South Korea,66,84,134,74.77,6.6,2.88,71.73,21.89,244.0,2.29
13,Male,Sweden,152,100,314,51.99,4.32,3.79,63.34,20.8,275.0,1.14
19,Female,Spain,51,75,115,64.38,5.33,2.85,74.25,21.56,246.0,1.87
65,Male,South Korea,73,87,98,77.8,4.81,3.47,67.96,26.93,181.0,1.39
43,Male,France,102,98,177,71.62,6.19,2.23,70.73,30.49,221.0,2.78
30,Other,Brazil,119,100,231,50.78,4.58,4.37,46.56,13.63,248.0,1.05
24,Male,UK,140,100,291,63.3,3.14,5.25,42.42,17.14,299.0,0.6
60,Female,South Korea,95,88,199,41.56,0.82,7.51,24.67,5.87,378.0,0.11
42,Male,Canada,24,53,57,61.57,2.68,5.77,54.81,15.7,250.0,0.46
45,Male,Mexico,111,100,214,39.08,1.34,7.43,30.1,4.23,381.0,0.18
59,Female,Brazil,47,64,87,58.13,2.39,5.3,63.31,24.21,236.0,0.45
19,Male,Netherlands,191,100,367,52.03,3.56,3.34,63.35,12.75,225.0,1.07
40,Female,South Korea,84,87,183,46.1,1.77,7.18,39.13,6.71,276.0,0.25
61,Male,Canada,99,100,179,57.64,2.44,4.83,54.14,20.72,293.0,0.51
15,Female,South Korea,389,100,795,43.68,1.92,6.22,22.63,5.12,389.0,0.31
55,Male,Canada,142,100,288,44.58,1.79,5.55,38.95,5.96,300.0,0.32
18,Male,Netherlands,110,100,219,68.85,4.14,2.63,63.46,27.1,211.0,1.57
43,Male,Spain,74,92,134,63.03,3.99,4.3,60.49,23.58,211.0,0.93
50,Female,USA,26,48,24,47.98,1.57,4.19,43.37,13.63,266.0,0.37
27,Female,Italy,70,80,127,62.19,4.56,5.74,46.63,23.56,232.0,0.79
19,Female,France,39,68,71,71.05,4.15,1.13,73.01,26.67,175.0,3.67
55,Male,France,244,100,440,42.86,2.34,4.0,46.12,5.79,269.0,0.58
42,Male,Sweden,111,100,218,55.79,3.45,4.06,48.02,24.46,264.0,0.85
39,Male,Spain,186,100,390,30.35,1.15,9.38,26.03,3.66,375.0,0.12
29,Male,Germany,49,72,109,39.09,1.36,5.27,22.81,7.36,320.0,0.26
30,Male,Germany,42,65,74,57.56,3.63,3.85,63.71,22.64,272.0,0.94
34,Female,UK,132,100,264,51.17,2.32,4.48,44.02,24.67,215.0,0.52
65,Female,USA,38,60,64,57.31,3.09,4.92,43.23,16.45,227.0,0.63
38,Male,Canada,58,82,118,77.76,4.12,3.74,75.82,24.46,228.0,1.1
63,Male,Australia,251,100,532,75.62,9.87,1.82,77.58,35.44,125.0,5.42
39,Female,Australia,60,70,139,64.84,2.12,4.96,51.07,24.23,224.0,0.43
52,Male,Germany,21,47,52,57.98,3.45,5.11,41.7,12.91,221.0,0.68
36,Male,Spain,13,44,16,74.76,4.57,2.72,60.38,32.92,244.0,1.68
64,Male,USA,18,46,50,47.78,1.7,4.94,31.0,7.69,315.0,0.34
20,Male,Netherlands,194,100,354,58.0,4.83,4.19,57.35,17.34,251.0,1.15
33,Female,Japan,52,73,98,34.02,1.18,7.35,34.13,9.58,332.0,0.16
41,Male,Sweden,381,100,773,30.63,1.24,7.72,23.37,8.32,398.0,0.16
55,Male,Mexico,227,100,468,93.92,6.79,2.69,87.61,36.81,163.0,2.52
33,Male,USA,291,100,595,76.99,5.44,2.12,67.33,28.69,168.0,2.57
15,Female,South Korea,168,100,341,63.51,4.02,4.9,42.49,19.06,212.0,0.82
43,Male,Italy,127,100,250,51.18,3.58,4.21,54.72,11.34,243.0,0.85
39,Male,UK,40,61,90,42.62,2.97,6.24,43.75,8.25,259.0,0.48
58,Female,Canada,83,91,146,54.64,1.57,5.7,43.0,5.25,331.0,0.28
39,Female,Italy,136,100,255,48.05,1.56,4.25,33.25,13.95,318.0,0.37
21,Other,Canada,161,100,323,53.75,2.2,5.07,54.31,16.07,236.0,0.43
45,Female,Sweden,29,61,61,64.34,6.01,3.91,59.39,28.96,192.0,1.54
45,Male,Netherlands,71,93,105,56.7,2.76,5.48,52.13,18.15,230.0,0.5
38,Male,France,78,93,165,42.73,1.17,6.86,33.92,11.9,289.0,0.17
40,Male,Brazil,75,94,165,83.32,7.88,1.42,72.52,34.64,173.0,5.55
56,Male,South Korea,33,51,64,73.32,4.86,2.38,59.84,23.16,152.0,2.04
55,Female,Italy,269,100,585,63.45,2.63,3.68,46.99,11.91,263.0,0.71
43,Female,Brazil,69,80,124,51.13,2.4,4.93,48.49,20.62,255.0,0.49
65,Female,France,35,60,62,53.84,3.95,3.35,53.41,16.56,226.0,1.18
13,Male,UK,273,100,538,49.06,2.74,8.0,42.16,9.05,272.0,0.34
32,Female,Italy,227,100,452,53.86,3.44,4.1,62.85,15.52,237.0,0.84
24,Female,Canada,92,95,177,67.67,6.51,2.95,70.35,25.01,231.0,2.21
29,Male,Brazil,56,67,83,30.58,1.81,7.56,27.97,6.48,366.0,0.24
27,Female,Brazil,16,35,21,40.19,2.74,5.79,36.86,6.38,293.0,0.47
46,Male,Mexico,121,100,240,37.44,1.11,8.39,28.42,9.73,359.0,0.13
62,Male,Brazil,53,69,130,42.11,0.66,6.99,26.74,6.99,386.0,0.09
28,Female,Canada,81,79,206,61.57,4.22,3.55,60.32,30.03,204.0,1.19
16,Female,UK,258,100,542,76.66,4.38,1.39,68.92,34.2,191.0,3.15
20,Male,Japan,50,69,84,54.9,3.82,5.79,60.92,24.93,202.0,0.66
46,Male,Germany,117,100,220,31.69,1.41,9.1,25.7,4.67,378.0,0.15
58,Other,USA,143,100,282,50.85,3.11,4.52,54.01,20.93,235.0,0.69
37,Female,Italy,190,100,415,59.19,3.76,4.64,56.01,13.89,208.0,0.81
27,Female,Netherlands,77,85,150,41.79,1.45,6.0,46.81,12.01,328.0,0.24
40,Male,Spain,70,84,113,55.26,3.21,4.18,44.8,10.92,259.0,0.77
21,Male,Australia,69,79,127,64.84,2.5,3.14,59.49,13.79,282.0,0.8
14,Male,Sweden,109,100,233,60.56,4.84,4.23,56.55,16.97,263.0,1.14
29,Male,USA,221,100,455,56.74,2.57,4.52,53.21,22.16,273.0,0.57
22,Male,Mexico,67,79,129,39.96,0.67,8.6,30.01,9.26,391.0,0.08
21,Male,Brazil,4,20,21,50.83,4.46,3.11,49.18,18.13,214.0,1.43
43,Male,UK,154,100,262,61.19,2.03,3.51,54.52,20.72,291.0,0.58
14,Male,Sweden,87,96,176,60.58,4.02,4.18,40.03,11.8,253.0,0.96
36,Female,Japan,121,100,259,73.5,5.25,3.19,68.05,21.11,169.0,1.65
31,Male,Australia,17,45,17,62.6,4.17,5.68,42.94,24.85,220.0,0.73
29,Male,France,53,62,89,40.18,2.99,5.12,43.36,6.77,308.0,0.58
55,Male,Japan,145,100,252,43.56,0.98,8.35,23.76,7.37,333.0,0.12
61,Male,South Korea,25,51,81,53.17,2.94,3.54,62.55,15.96,224.0,0.83
22,Male,Italy,117,100,219,36.73,0.98,8.72,39.42,6.07,386.0,0.11
62,Female,Germany,81,88,166,58.49,2.47,5.07,52.84,19.76,288.0,0.49
40,Female,Brazil,44,66,100,83.81,9.6,2.38,82.22,39.05,146.0,4.03
50,Male,Spain,41,60,112,64.75,4.0,3.13,48.17,19.35,205.0,1.28
60,Male,Netherlands,33,57,62,50.36,3.35,4.0,50.96,13.94,216.0,0.84
40,Male,Australia,87,87,163,60.34,3.54,3.6,47.99,18.88,207.0,0.98
62,Female,Sweden,95,100,193,52.21,2.22,5.44,58.81,21.3,271.0,0.41
64,Male,Brazil,61,64,147,60.04,3.43,4.93,40.96,19.32,277.0,0.7
62,Male,Netherlands,31,59,58,85.01,7.43,1.19,86.07,40.39,189.0,6.24
13,Female,Netherlands,114,100,208,55.14,4.31,4.68,62.07,17.92,251.0,0.92
15,Female,Australia,156,100,281,86.56,9.0,2.91,71.84,30.8,195.0,3.09
27,Female,Spain,130,100,235,85.6,8.46,1.71,72.34,41.52,179.0,4.95
64,Female,Germany,299,100,615,44.68,1.61,7.35,31.45,13.81,275.0,0.22
22,Female,Netherlands,72,72,137,38.89,1.9,8.39,28.29,7.83,334.0,0.23
33,Male,France,207,100,401,44.16,2.99,7.0,42.89,8.55,254.0,0.43
49,Male,Netherlands,48,67,81,30.47,1.33,8.81,30.75,8.89,303.0,0.15
27,Female,Canada,41,64,83,35.5,0.86,7.24,21.45,9.68,322.0,0.12
35,Female,Netherlands,91,88,177,63.83,3.28,5.96,53.85,23.96,200.0,0.55
26,Other,Netherlands,238,100,470,41.22,1.85,5.7,21.92,5.97,393.0,0.32
27,Male,UK,65,76,156,58.14,3.58,3.42,40.02,22.15,208.0,1.05
22,Male,Japan,17,36,64,72.68,6.74,1.63,71.63,21.18,210.0,4.13
21,Male,USA,154,100,275,32.46,1.6,6.51,29.27,7.2,317.0,0.25
56,Male,France,78,88,162,74.83,4.91,2.99,58.96,30.32,162.0,1.64
51,Male,South Korea,104,97,192,46.38,1.49,6.99,35.24,13.82,339.0,0.21
17,Female,France,43,66,81,42.95,2.23,4.35,37.83,12.13,315.0,0.51
37,Male,Mexico,90,87,186,59.37,2.85,4.13,42.57,20.79,250.0,0.69
54,Female,Australia,20,36,35,60.63,2.75,3.97,48.36,10.39,234.0,0.69
38,Female,Australia,272,100,548,76.07,6.69,2.55,66.39,20.46,237.0,2.62
20,Male,Mexico,174,100,361,60.26,6.83,2.47,63.55,33.86,152.0,2.77
34,Male,Japan,87,92,179,71.63,5.65,1.66,65.72,29.78,222.0,3.4
64,Female,Australia,151,100,289,40.01,2.87,4.66,34.67,7.63,253.0,0.62
37,Female,Canada,48,73,83,41.85,2.97,5.26,32.31,6.07,321.0,0.56
60,Female,UK,169,100,309,77.09,4.77,1.06,60.58,20.85,160.0,4.5
24,Female,USA,63,83,108,68.63,4.69,2.55,61.34,34.11,240.0,1.84
21,Female,USA,59,83,157,86.34,7.42,1.45,80.3,40.91,156.0,5.12
22,Male,Spain,35,59,54,62.85,4.83,4.01,54.02,11.43,220.0,1.2
60,Female,Spain,113,100,202,56.2,2.62,5.63,43.96,16.83,260.0,0.47
22,Female,UK,84,92,174,73.84,5.15,3.61,69.21,26.59,156.0,1.43
21,Female,Brazil,211,100,419,56.97,4.46,4.84,60.8,17.41,211.0,0.92
38,Male,Brazil,31,49,58,75.27,7.21,2.24,89.76,34.44,159.0,3.22
47,Female,France,114,100,256,68.42,5.23,1.69,58.41,22.95,155.0,3.09
39,Male,Sweden,185,100,380,52.97,2.03,4.88,47.91,24.6,219.0,0.42
43,Female,France,96,100,181,66.92,5.07,1.03,75.98,20.48,244.0,4.92
31,Male,South Korea,62,82,115,77.84,5.61,2.63,71.34,25.81,214.0,2.13
55,Male,South Korea,94,90,177,40.67,1.11,5.83,40.99,13.88,260.0,0.19
50,Male,Italy,200,100,417,91.45,6.84,1.49,77.92,36.0,132.0,4.59
18,Male,Mexico,200,100,393,57.55,4.4,4.32,52.27,22.73,270.0,1.02
27,Male,Germany,75,95,114,69.81,4.77,3.65,69.43,23.32,176.0,1.31
41,Female,Italy,198,100,395,62.05,2.13,5.98,43.26,21.94,239.0,0.36
59,Male,Spain,81,78,131,69.84,6.64,2.24,68.44,20.74,150.0,2.96
57,Male,Germany,150,100,343,53.67,4.04,3.36,42.84,16.16,264.0,1.2
17,Male,Australia,123,100,226,40.68,0.77,5.4,38.81,4.82,385.0,0.14
26,Male,USA,60,73,116,92.27,9.09,0.92,90.55,41.54,167.0,9.88
65,Male,France,36,49,77,35.06,0.89,5.61,30.2,7.1,335.0,0.16
14,Male,Brazil,189,100,372,57.13,3.09,4.92,62.53,12.46,238.0,0.63
35,Male,UK,225,100,444,77.82,8.5,2.32,93.3,34.18,196.0,3.66
56,Female,Spain,112,100,232,76.27,8.41,0.64,92.34,37.95,173.0,13.14
64,Male,USA,81,83,192,62.47,2.45,3.12,61.97,14.72,212.0,0.79
58,Male,Japan,28,54,71,57.03,3.79,3.09,46.87,10.49,242.0,1.23
31,Male,Sweden,185,100,399,63.43,4.95,4.91,44.04,23.59,251.0,1.01
36,Female,Sweden,102,95,183,42.31,2.84,7.03,44.63,12.09,270.0,0.4
32,Male,UK,67,73,140,53.17,4.06,3.66,50.97,21.73,278.0,1.11
59,Male,Germany,153,100,309,56.8,4.38,5.52,56.37,13.43,227.0,0.79
39,Male,Italy,23,53,53,66.3,4.35,1.82,60.24,26.83,240.0,2.39
64,Male,Italy,34,69,95,62.09,6.16,3.06,57.39,33.84,206.0,2.01
36,Male,Italy,46,73,87,67.27,6.27,1.77,72.34,20.6,233.0,3.54
29,Male,Canada,121,100,233,36.72,1.46,6.11,33.54,8.41,347.0,0.24
37,Male,Germany,95,96,200,59.27,3.37,5.68,52.45,22.63,280.0,0.59
58,Male,Spain,131,100,226,36.16,0.85,7.03,36.52,4.59,352.0,0.12
43,Male,UK,177,100,349,62.09,3.06,4.93,46.14,11.64,279.0,0.62
40,Female,Canada,134,100,265,51.48,2.81,5.57,48.66,24.6,297.0,0.5
62,Other,Australia,275,100,531,65.37,4.12,3.12,66.27,21.51,220.0,1.32
40,Male,Japan,177,100,375,50.47,4.61,3.42,43.18,12.64,296.0,1.35
34,Female,Germany,75,75,128,50.4,2.6,5.59,36.73,7.34,298.0,0.47
17,Female,Japan,53,71,103,48.28,2.26,5.03,48.97,6.7,346.0,0.45
56,Female,UK,77,89,159,60.3,5.44,2.0,66.23,28.56,193.0,2.72
54,Male,USA,138,100,303,56.22,4.2,5.06,60.83,13.75,260.0,0.83
20,Female,UK,58,79,115,48.78,1.74,5.94,36.28,6.42,271.0,0.29
50,Male,South Korea,140,100,298,31.58,1.52,8.3,39.01,8.11,305.0,0.18
40,Male,Brazil,129,100,272,77.68,6.59,2.33,69.65,34.64,203.0,2.83
59,Male,Canada,36,53,74,43.58,0.62,5.96,28.82,7.09,381.0,0.1
24,Male,Netherlands,174,100,326,79.77,5.17,1.14,75.03,29.07,169.0,4.54
37,Male,USA,109,100,189,69.9,6.23,3.31,67.49,24.58,247.0,1.88
50,Male,Germany,267,100,536,39.95,1.11,6.4,34.62,4.7,317.0,0.17
56,Female,Australia,82,96,153,37.95,0.93,8.14,22.36,7.58,328.0,0.11
27,Male,Japan,65,88,148,75.0,6.51,2.83,91.68,33.5,182.0,2.3
56,Male,Sweden,32,44,78,59.13,4.91,4.12,57.04,10.95,239.0,1.19
53,Male,UK,31,55,58,64.46,3.62,3.86,43.01,20.55,264.0,0.94
63,Male,Sweden,160,100,296,67.48,6.85,1.07,62.59,33.82,182.0,6.4
65,Male,Mexico,249,100,508,80.05,8.14,2.56,72.58,44.15,183.0,3.18
46,Other,Spain,76,93,131,78.63,8.85,1.46,80.06,41.75,197.0,6.06
57,Male,Germany,72,93,128,62.53,5.26,2.44,64.41,25.45,155.0,2.16
25,Male,Netherlands,87,95,154,60.28,3.31,3.58,60.4,22.04,248.0,0.92
20,Female,Spain,183,100,363,34.48,1.46,6.44,24.72,8.11,304.0,0.23
25,Male,USA,36,59,95,61.9,4.02,1.46,56.72,34.94,178.0,2.75
48,Female,Brazil,99,100,197,52.24,2.72,5.81,53.0,15.47,287.0,0.47
18,Male,South Korea,163,100,317,55.92,3.01,3.62,49.44,14.75,267.0,0.83
50,Male,Germany,120,100,209,80.79,8.31,0.66,74.78,36.11,194.0,12.59
44,Male,Brazil,2,8,15,45.66,2.33,5.02,32.54,5.59,280.0,0.46
33,Male,Netherlands,135,100,254,52.36,2.52,5.28,40.4,18.37,237.0,0.48
56,Male,Brazil,120,100,242,37.6,1.34,6.57,25.9,8.13,387.0,0.2
56,Female,Australia,207,100,406,52.89,2.29,5.69,48.75,18.27,235.0,0.4
61,Female,USA,236,100,488,31.89,1.38,7.63,24.06,6.16,379.0,0.18
19,Female,UK,200,100,396,48.86,1.19,6.19,44.05,12.93,312.0,0.19
38,Female,Mexico,88,100,174,42.29,2.42,6.71,30.49,9.12,283.0,0.36
27,Male,Canada,16,36,41,60.04,2.65,4.77,62.83,21.97,292.0,0.56
61,Female,Netherlands,72,87,186,79.57,4.03,2.87,65.32,32.9,175.0,1.4
54,Male,Italy,86,85,189,64.72,3.84,5.38,42.14,12.75,275.0,0.71
35,Female,Brazil,247,100,492,75.44,9.27,0.53,86.43,35.48,168.0,17.49
64,Male,USA,44,62,88,60.44,3.03,3.32,41.74,18.83,252.0,0.91
50,Female,Australia,23,38,35,51.13,2.02,5.69,37.96,5.26,283.0,0.36
53,Female,Germany,58,84,97,79.52,6.62,1.99,69.69,32.71,194.0,3.33
27,Male,Sweden,46,71,80,40.27,1.15,6.04,49.39,11.93,257.0,0.19
60,Male,France,21,50,26,78.79,9.09,2.6,85.44,39.67,122.0,3.5
65,Male,France,78,88,169,42.43,1.68,6.3,34.17,4.5,304.0,0.27
52,Male,Mexico,88,100,154,79.02,6.71,1.34,80.46,37.63,158.0,5.01
28,Female,South Korea,20,43,66,34.06,0.54,8.03,27.91,5.09,386.0,0.07
44,Female,Netherlands,64,84,143,74.93,6.57,2.48,58.27,30.44,170.0,2.65
49,Male,Australia,43,66,86,56.62,2.2,5.48,43.15,23.55,286.0,0.4
30,Male,USA,90,100,180,84.29,8.98,2.05,90.08,36.48,182.0,4.38
32,Female,Australia,97,91,182,36.94,1.91,7.43,29.25,8.5,382.0,0.26
58,Male,Canada,43,64,91,58.32,2.54,4.4,64.2,21.29,281.0,0.58
14,Male,Canada,173,100,367,75.66,7.87,2.12,90.75,30.74,188.0,3.71
35,Female,UK,84,89,153,58.23,2.59,3.95,47.05,17.96,205.0,0.66
42,Female,France,45,65,59,52.38,4.44,3.4,45.83,16.8,251.0,1.31
15,Male,France,18,42,50,61.45,3.34,5.37,55.46,11.7,215.0,0.62
58,Male,Canada,101,100,208,56.56,3.19,5.23,54.52,15.82,217.0,0.61
51,Female,Australia,120,100,217,53.4,3.73,4.27,52.87,12.56,266.0,0.87
59,Female,Mexico,55,77,95,62.79,2.77,4.47,64.39,15.0,259.0,0.62
61,Female,Mexico,93,100,168,76.8,8.42,0.72,93.98,40.73,183.0,11.69
13,Male,Netherlands,236,100,457,40.56,1.38,7.25,37.17,9.7,349.0,0.19
53,Female,Brazil,155,100,303,53.97,2.17,6.15,39.09,7.09,250.0,0.35
34,Male,Netherlands,7,22,10,79.83,8.04,1.45,81.21,44.71,148.0,5.54
41,Female,Germany,44,71,74,69.04,4.4,1.14,74.39,28.56,226.0,3.86
26,Male,France,75,87,134,52.25,3.72,3.76,45.7,10.17,213.0,0.99
60,Male,Canada,88,98,171,54.64,2.35,5.96,47.72,11.95,219.0,0.39
40,Female,South Korea,94,91,191,48.82,1.13,7.45,49.23,7.47,295.0,0.15
33,Male,Sweden,115,100,223,40.33,2.28,5.66,35.4,7.07,315.0,0.4
57,Male,Australia,77,93,177,56.24,2.54,5.07,54.13,22.88,211.0,0.5
44,Female,Netherlands,84,91,178,61.78,4.02,3.35,57.37,16.62,294.0,1.2
18,Female,Netherlands,161,100,290,52.12,3.93,4.15,63.92,14.95,296.0,0.95
13,Female,USA,103,98,216,43.52,0.91,9.02,39.91,4.77,343.0,0.1
33,Male,Germany,29,54,70,85.4,7.18,0.54,75.5,34.23,155.0,13.3
16,Male,South Korea,90,100,171,78.42,9.49,2.26,72.13,39.75,172.0,4.2
15,Female,Netherlands,75,94,120,64.34,2.01,3.74,63.19,23.98,272.0,0.54
61,Male,Mexico,11,33,22,61.49,2.27,4.54,45.79,12.72,281.0,0.5
42,Female,Spain,94,89,187,52.03,3.41,5.82,44.65,24.67,299.0,0.59
43,Male,Spain,33,56,43,71.11,4.51,1.95,65.61,24.64,178.0,2.31
46,Female,Sweden,162,100,294,64.58,2.46,5.2,40.01,18.94,291.0,0.47
31,Male,Sweden,114,100,226,44.32,1.37,6.61,44.25,11.88,281.0,0.21
32,Male,Australia,27,60,49,80.04,9.82,2.81,81.43,42.69,156.0,3.49
35,Female,Japan,157,100,305,68.49,4.47,2.28,68.44,20.34,194.0,1.96
52,Male,Netherlands,209,100,416,90.63,8.72,2.09,92.74,30.27,164.0,4.17
37,Female,Netherlands,68,80,113,75.75,5.62,1.97,58.41,33.31,197.0,2.85
27,Female,Netherlands,74,82,139,63.17,3.76,5.02,60.11,19.89,239.0,0.75
50,Female,Sweden,147,100,304,57.7,4.41,4.12,49.7,11.44,291.0,1.07
35,Female,Japan,199,100,391,76.82,8.59,1.53,80.14,40.19,125.0,5.61
64,Male,France,15,47,10,71.87,6.32,3.48,59.26,33.46,215.0,1.82
14,Male,USA,30,46,50,43.23,1.23,7.71,38.38,9.3,344.0,0.16
27,Male,Italy,59,64,96,34.12,1.09,6.94,25.74,4.88,386.0,0.16
64,Male,Brazil,64,74,133,51.05,4.03,3.52,48.61,10.92,226.0,1.14
56,Male,Australia,144,100,294,75.37,6.66,1.66,66.59,27.05,237.0,4.01
47,Male,Spain,199,100,364,90.26,8.05,2.18,91.18,30.14,152.0,3.69
22,Male,Spain,209,100,433,53.61,2.48,6.17,40.59,8.48,302.0,0.4
26,Male,USA,15,36,10,59.83,3.26,5.14,61.53,12.32,245.0,0.63
39,Male,France,41,68,113,56.12,4.06,3.75,56.01,23.16,241.0,1.08
26,Female,Japan,50,72,99,93.22,9.97,0.77,75.83,44.26,196.0,12.95
47,Male,South Korea,41,64,57,61.95,4.04,1.48,79.9,22.7,200.0,2.73
45,Male,UK,113,100,203,76.97,4.06,2.81,61.93,32.94,178.0,1.44
64,Female,France,123,100,252,60.3,4.02,3.66,40.87,16.14,228.0,1.1
13,Male,South Korea,83,93,158,62.13,4.4,4.37,55.16,19.06,282.0,1.01
46,Other,France,77,87,152,46.38,1.55,5.06,40.72,9.49,294.0,0.31
31,Female,Mexico,61,73,154,31.37,1.58,6.07,23.94,5.89,322.0,0.26
36,Male,Brazil,67,78,120,71.68,5.11,2.35,68.43,23.05,165.0,2.17
54,Female,Brazil,234,100,469,77.61,5.3,2.24,55.89,27.47,205.0,2.37
16,Female,Spain,136,100,300,86.18,8.83,0.94,76.31,42.16,195.0,9.39
48,Male,Sweden,63,84,131,77.72,7.99,1.04,71.5,34.88,131.0,7.68
25,Female,Brazil,76,81,119,60.65,3.6,3.43,40.23,22.12,217.0,1.05
44,Male,Spain,115,100,240,72.12,5.01,2.76,62.89,21.3,172.0,1.82
21,Male,France,27,61,30,78.76,7.71,2.15,76.6,30.18,161.0,3.59
51,Male,USA,92,94,212,72.12,6.89,2.77,66.78,28.6,242.0,2.49
28,Male,UK,131,100,245,52.43,1.65,4.95,35.25,10.04,324.0,0.33
62,Male,USA,120,100,299,57.55,2.2,5.17,60.15,14.34,266.0,0.43
15,Female,France,42,68,113,46.4,2.78,7.38,40.51,11.92,338.0,0.38
64,Male,Sweden,49,78,82,84.91,7.25,2.38,75.5,35.83,189.0,3.05
32,Male,Canada,9,34,18,60.87,3.21,3.64,48.9,14.26,217.0,0.88
22,Male,Sweden,141,100,297,51.15,1.5,5.82,37.72,14.82,289.0,0.26
34,Female,Netherlands,301,100,617,51.2,2.27,4.77,54.98,16.28,243.0,0.48
60,Other,Australia,36,56,80,50.81,3.55,4.51,43.74,11.56,212.0,0.79
15,Female,Japan,176,100,377,51.52,3.83,3.59,46.29,12.6,295.0,1.07
23,Female,Australia,284,100,565,52.82,1.46,5.31,34.2,9.92,251.0,0.27
37,Female,UK,56,77,104,60.07,3.57,5.7,44.11,22.06,279.0,0.63
54,Female,Brazil,76,85,145,51.91,3.2,3.51,46.37,13.95,255.0,0.91
60,Female,Australia,100,100,217,68.23,6.84,1.38,79.34,23.46,227.0,4.96
20,Male,Brazil,117,100,241,55.08,2.43,5.57,47.72,19.88,256.0,0.44
21,Male,South Korea,104,100,213,69.44,5.49,3.2,57.19,30.02,239.0,1.72
27,Female,France,60,82,135,50.87,2.42,5.15,50.93,16.05,213.0,0.47
44,Male,UK,130,100,218,57.6,2.38,4.43,59.09,13.87,248.0,0.54
65,Male,Sweden,61,78,128,79.84,6.06,3.52,65.37,31.52,154.0,1.72
15,Male,South Korea,110,98,224,51.84,2.61,4.21,61.14,15.19,265.0,0.62
16,Female,Mexico,81,89,195,50.64,2.17,5.43,41.54,8.42,258.0,0.4
42,Male,Japan,13,31,10,44.89,0.69,5.36,37.57,5.11,365.0,0.13
25,Female,South Korea,194,100,419,66.58,5.17,1.79,63.58,26.16,222.0,2.89
56,Female,South Korea,50,66,101,57.67,4.83,3.13,52.58,18.76,292.0,1.54
33,Female,Netherlands,207,100,423,60.98,5.72,3.56,61.05,33.14,151.0,1.61
53,Female,Italy,171,100,375,50.99,2.87,6.63,38.78,5.45,342.0,0.43
58,Female,Japan,98,98,207,47.05,1.06,6.76,39.64,6.24,271.0,0.16
31,Male,Sweden,121,100,250,30.97,1.36,8.11,30.11,8.72,386.0,0.17
51,Male,Canada,132,100,268,59.23,2.04,5.09,50.45,18.48,264.0,0.4
60,Male,Mexico,71,86,132,55.25,4.75,3.4,56.79,10.07,292.0,1.4
34,Female,South Korea,73,90,145,51.69,2.28,4.0,49.34,13.21,258.0,0.57
32,Female,South Korea,127,100,239,56.64,2.1,3.96,60.26,20.35,272.0,0.53
49,Female,Spain,82,100,163,88.96,7.24,0.75,76.81,42.48,198.0,9.65
43,Male,Japan,60,79,73,57.41,2.03,3.42,48.05,18.68,207.0,0.59
22,Male,Sweden,42,67,92,64.15,3.1,5.74,59.51,21.33,260.0,0.54
30,Male,Germany,112,100,221,72.54,5.91,2.89,68.84,34.8,223.0,2.04
55,Male,South Korea,49,65,91,61.65,4.62,3.65,42.1,17.24,251.0,1.27
51,Male,Spain,152,100,308,62.44,3.33,4.71,53.18,10.57,261.0,0.71
58,Male,Japan,161,100,293,76.56,4.47,2.78,69.84,22.46,162.0,1.61
32,Female,France,121,100,280,94.6,7.57,1.07,74.28,40.01,168.0,7.07
30,Male,UK,139,100,275,49.65,1.18,7.57,37.79,8.13,296.0,0.16
23,Male,UK,121,100,239,82.8,9.45,2.82,77.59,42.96,182.0,3.35
34,Female,Germany,146,100,272,63.96,2.74,4.73,46.86,22.36,200.0,0.58
56,Male,Netherlands,142,100,284,48.47,1.68,5.29,42.9,13.51,310.0,0.32
30,Male,France,108,100,243,62.8,2.79,4.56,51.26,10.17,255.0,0.61
46,Male,Germany,173,100,366,88.23,8.37,2.34,84.28,31.0,129.0,3.58
35,Male,Brazil,73,84,163,58.95,2.82,3.24,50.74,18.31,232.0,0.87
13,Male,USA,43,65,96,60.81,3.93,4.0,58.87,19.73,263.0,0.98
22,Male,Japan,41,65,74,58.3,2.03,5.09,49.4,24.14,281.0,0.4
65,Male,France,64,71,98,48.82,1.5,4.81,36.81,9.77,279.0,0.31
13,Male,USA,11,21,17,37.72,0.75,9.89,22.16,9.52,391.0,0.08
50,Male,USA,97,82,189,47.88,2.45,5.74,42.6,8.41,280.0,0.43
51,Female,UK,133,100,286,48.67,2.0,6.32,35.73,8.67,258.0,0.32
61,Male,South Korea,159,100,324,40.78,1.51,4.3,32.08,13.13,253.0,0.35
21,Female,UK,16,43,64,49.88,1.55,7.49,39.7,8.06,301.0,0.21
43,Male,Mexico,43,59,109,55.73,3.69,3.34,64.92,16.38,234.0,1.1
19,Male,Brazil,149,100,288,50.65,1.73,7.33,39.09,12.2,260.0,0.24
29,Female,Sweden,71,85,106,62.69,4.21,3.64,43.63,14.74,297.0,1.16
47,Male,Netherlands,131,100,289,65.14,5.37,1.09,64.93,28.57,245.0,4.93
60,Male,France,26,43,79,57.75,4.46,4.64,41.02,14.73,257.0,0.96
49,Female,South Korea,205,100,382,64.26,4.58,3.69,45.5,13.02,292.0,1.24
64,Male,Canada,24,53,78,52.79,2.55,5.57,40.09,9.64,275.0,0.46
30,Female,France,95,93,197,47.58,1.06,4.53,47.73,12.52,292.0,0.23
45,Female,Brazil,97,96,197,37.76,1.05,8.7,35.68,8.34,372.0,0.12
16,Male,UK,55,69,142,43.07,1.68,5.88,36.62,12.55,282.0,0.29
35,Male,UK,118,100,262,42.07,1.8,7.92,34.52,11.12,293.0,0.23
23,Male,Japan,120,100,253,41.07,1.98,6.81,40.26,13.72,278.0,0.29
64,Other,Australia,111,92,231,31.29,1.9,6.89,31.53,8.54,332.0,0.28
21,Female,UK,54,70,120,50.74,1.27,5.17,32.89,13.11,272.0,0.25
42,Female,Germany,46,68,83,60.76,4.83,4.58,53.5,16.92,232.0,1.05
20,Male,Japan,59,83,116,47.13,2.21,7.94,48.76,13.62,338.0,0.28
52,Female,South Korea,40,67,61,57.02,3.97,5.69,49.82,24.43,241.0,0.7
17,Male,Netherlands,178,100,349,59.02,4.13,5.85,46.12,21.19,252.0,0.71
24,Male,South Korea,63,79,118,54.03,4.33,4.66,56.52,14.84,248.0,0.93
13,Female,Spain,93,91,173,39.26,1.11,5.99,39.23,6.58,373.0,0.19
27,Male,Netherlands,148,100,298,68.22,5.07,2.22,65.23,28.16,204.0,2.28
37,Female,Netherlands,38,64,69,57.46,2.4,4.49,44.23,11.89,293.0,0.53
30,Male,Australia,23,35,56,39.07,1.49,7.01,38.18,7.47,376.0,0.21
50,Female,Australia,40,63,47,67.37,6.88,3.46,76.35,22.58,177.0,1.99
54,Male,Germany,101,100,199,80.71,7.08,2.64,70.8,31.14,141.0,2.68
58,Male,Netherlands,96,96,194,33.0,0.85,8.99,31.26,3.04,342.0,0.09
65,Male,Australia,111,100,215,46.12,1.23,6.7,44.04,12.21,322.0,0.18
38,Male,Canada,76,87,148,60.0,6.86,3.44,77.6,20.23,243.0,1.99
52,Male,UK,4,21,10,76.2,6.51,1.28,73.47,34.4,217.0,5.09
15,Female,UK,74,87,155,48.56,2.89,5.77,41.99,9.76,343.0,0.5
34,Male,Japan,162,100,336,41.14,2.0,6.75,45.84,10.83,340.0,0.3
38,Male,Brazil,191,100,391,64.13,2.19,4.21,40.59,14.94,253.0,0.52
31,Male,Germany,89,88,198,63.66,4.54,3.38,42.33,18.84,253.0,1.34
56,Male,UK,96,90,196,54.0,4.7,5.78,50.07,23.35,238.0,0.81
56,Female,USA,129,100,267,61.05,3.43,3.37,63.2,16.81,273.0,1.02
59,Female,Italy,187,100,377,55.51,2.06,3.3,52.41,20.35,233.0,0.62
51,Male,Mexico,83,92,179,73.91,6.1,3.11,67.31,33.72,198.0,1.96
48,Male,UK,128,100,224,36.75,0.8,6.54,20.85,7.43,324.0,0.12
33,Female,France,52,67,86,44.56,2.54,5.31,34.84,6.69,327.0,0.48
53,Male,USA,26,58,83,62.59,5.36,2.52,72.18,29.5,231.0,2.13
60,Male,Brazil,57,87,64,60.9,4.89,1.84,58.65,24.34,180.0,2.66
38,Male,USA,216,100,429,57.83,3.99,4.14,57.99,15.04,229.0,0.96
25,Male,Sweden,130,100,283,58.12,2.07,3.24,50.45,24.14,272.0,0.64
48,Male,Australia,29,51,56,41.32,2.69,6.93,42.22,13.2,290.0,0.39
36,Male,South Korea,134,100,259,53.32,3.54,4.65,53.46,18.48,294.0,0.76
53,Female,Mexico,31,63,64,63.53,4.63,5.4,63.59,11.48,226.0,0.86
38,Male,Netherlands,110,100,212,47.43,2.69,6.02,44.96,6.39,275.0,0.45
33,Male,Spain,37,60,74,50.98,1.33,5.41,35.3,8.5,320.0,0.25
30,Male,Mexico,27,53,40,55.52,3.67,3.3,60.13,15.55,264.0,1.11
27,Male,Sweden,240,100,502,40.88,0.81,9.42,32.32,6.0,318.0,0.09
27,Male,Netherlands,63,80,154,64.13,4.27,3.62,48.44,22.15,269.0,1.18
18,Female,UK,128,100,253,51.49,1.88,6.87,37.73,7.11,313.0,0.27
55,Male,Sweden,86,85,144,64.64,2.93,4.38,56.85,18.12,284.0,0.67
43,Female,Japan,33,52,55,51.43,1.12,7.99,45.05,13.64,315.0,0.14
40,Male,Canada,69,82,134,77.13,4.34,2.04,76.91,23.02,157.0,2.13
20,Female,South Korea,34,63,78,61.82,4.51,3.49,61.36,20.3,252.0,1.29
41,Male,Brazil,356,100,691,62.45,3.26,3.58,47.12,17.58,253.0,0.91
33,Male,Japan,144,100,272,76.11,6.37,2.74,74.52,22.88,155.0,2.32
29,Female,UK,84,92,178,63.1,2.23,3.74,57.38,16.14,287.0,0.6
61,Male,Japan,123,99,264,34.47,0.52,6.5,31.56,5.63,353.0,0.08
36,Female,South Korea,138,100,263,63.15,4.74,3.8,51.55,18.24,294.0,1.25
62,Male,Italy,138,100,249,64.98,2.71,5.18,49.45,10.12,200.0,0.52
48,Other,France,134,100,333,69.21,5.47,1.07,72.17,24.41,205.0,5.11
43,Female,USA,127,100,269,54.51,2.5,4.22,45.81,18.02,219.0,0.59
59,Female,Netherlands,90,92,174,47.63,1.31,6.68,45.08,6.1,296.0,0.2
46,Male,Canada,228,100,473,41.06,2.2,5.06,40.55,10.17,342.0,0.43
14,Male,Italy,94,93,185,58.24,3.75,4.2,63.73,21.66,228.0,0.89
54,Female,UK,86,91,189,62.66,3.3,5.49,60.57,12.83,270.0,0.6
15,Female,Australia,95,92,193,54.36,2.89,3.89,58.14,13.45,200.0,0.74
42,Female,Brazil,100,94,201,60.73,2.51,3.31,45.94,15.7,247.0,0.76
20,Male,Australia,16,40,29,75.89,9.88,2.29,78.08,34.78,155.0,4.31
64,Female,USA,40,60,51,59.39,2.44,3.57,61.49,13.84,238.0,0.68
19,Male,Canada,76,83,190,53.07,2.33,5.37,43.67,5.2,323.0,0.43
24,Male,USA,15,38,11,47.31,2.63,7.82,48.52,14.09,301.0,0.34
31,Male,Germany,84,85,140,45.4,1.93,6.76,47.68,7.07,341.0,0.29
38,Male,Australia,99,99,193,52.23,2.96,7.52,35.6,6.06,261.0,0.39
40,Female,Netherlands,25,50,30,44.37,2.23,7.22,47.99,11.24,250.0,0.31
27,Male,Italy,49,65,96,42.79,1.2,5.45,40.03,5.43,284.0,0.22
26,Female,USA,196,100,405,42.69,2.29,5.86,39.91,9.28,345.0,0.39
60,Male,South Korea,124,100,267,43.22,2.03,6.94,41.14,14.29,287.0,0.29
26,Male,USA,119,100,254,69.27,4.27,2.83,62.21,22.4,204.0,1.51
15,Male,Japan,180,100,353,37.98,0.61,8.49,32.48,4.32,346.0,0.07
62,Male,UK,41,71,82,60.8,3.59,4.19,48.06,19.16,293.0,0.86
41,Male,Italy,25,50,58,60.08,2.22,4.38,62.27,11.42,298.0,0.51
18,Female,Japan,164,100,292,93.98,6.31,2.83,79.08,42.67,153.0,2.23
61,Female,Germany,78,81,167,46.61,2.27,7.1,30.68,10.93,268.0,0.32
35,Male,Mexico,40,58,50,55.19,3.04,4.41,48.35,11.61,214.0,0.69
40,Male,Netherlands,16,37,72,75.67,7.88,2.89,72.89,44.19,178.0,2.73
26,Male,Mexico,95,100,181,72.75,5.94,3.48,57.67,27.57,219.0,1.71
26,Female,Japan,71,75,138,71.74,6.5,1.22,72.27,28.01,187.0,5.33
32,Male,Spain,62,79,108,45.1,2.24,7.56,39.92,13.25,290.0,0.3
25,Male,Australia,6,18,10,41.54,1.12,4.21,37.6,8.37,321.0,0.27
39,Male,Netherlands,226,100,497,61.14,2.15,3.66,46.86,18.21,214.0,0.59
47,Female,Japan,21,46,60,77.68,9.78,2.51,74.52,36.1,148.0,3.9
57,Male,Sweden,67,89,103,61.87,3.53,3.38,58.47,15.95,226.0,1.04
14,Male,Sweden,58,76,146,55.63,3.49,4.03,46.05,15.98,201.0,0.87
53,Female,France,127,100,277,51.59,1.34,4.18,43.07,12.74,331.0,0.32
57,Female,France,16,48,26,69.87,4.62,3.21,72.49,23.69,240.0,1.44
52,Female,South Korea,116,100,238,41.57,2.97,7.44,43.76,14.39,322.0,0.4
60,Male,Italy,96,92,191,52.86,3.33,3.21,49.74,21.12,238.0,1.04
36,Female,Brazil,47,67,133,54.95,3.79,5.62,41.19,15.78,215.0,0.67
41,Female,South Korea,113,100,210,60.43,2.32,4.99,47.15,12.98,293.0,0.46
15,Female,Germany,84,87,170,40.28,1.88,4.09,39.67,10.01,282.0,0.46
57,Female,Italy,262,100,515,41.98,1.75,6.69,45.65,10.31,308.0,0.26
16,Female,Germany,71,83,113,53.01,2.86,3.49,46.23,13.37,251.0,0.82
62,Male,Japan,35,59,113,48.44,2.89,4.78,42.83,13.17,306.0,0.6
14,Male,Canada,117,100,210,53.83,2.79,3.12,47.64,21.17,204.0,0.89
32,Female,USA,64,77,132,43.29,2.41,7.13,39.11,11.98,288.0,0.34
65,Male,UK,83,93,131,52.4,3.19,4.74,63.7,11.03,250.0,0.67
27,Male,USA,25,47,42,54.93,3.52,3.07,47.83,22.3,255.0,1.15
61,Male,USA,128,100,264,36.76,0.93,6.49,27.66,8.85,396.0,0.14
44,Female,Germany,56,72,95,56.58,3.18,5.54,50.67,18.28,223.0,0.57
54,Male,Germany,101,100,213,51.15,2.06,7.24,45.61,7.15,321.0,0.28
13,Female,France,305,100,604,42.0,1.02,5.86,20.05,6.16,335.0,0.17
50,Female,Germany,68,85,159,86.1,6.75,2.65,76.44,33.4,158.0,2.55
47,Male,Japan,141,100,309,57.48,2.65,3.82,44.24,20.78,277.0,0.69
63,Male,Netherlands,72,88,132,69.25,6.14,3.21,58.46,34.49,232.0,1.91
19,Male,France,48,71,97,43.07,1.37,4.5,32.77,12.48,296.0,0.3
57,Male,Australia,201,100,405,61.74,4.24,4.81,57.16,10.28,231.0,0.88
25,Male,USA,11,29,34,72.76,4.03,1.1,76.3,30.26,176.0,3.66
61,Male,Australia,166,100,332,60.32,4.38,3.92,40.9,23.99,234.0,1.12
13,Other,Italy,9,36,21,51.6,3.48,5.31,45.54,14.04,224.0,0.66
26,Male,USA,155,100,305,64.88,2.59,4.73,63.13,12.2,297.0,0.55
41,Female,Italy,84,86,170,64.21,4.65,3.64,55.85,21.41,298.0,1.28
15,Male,USA,35,61,95,78.61,9.06,1.35,74.39,36.32,183.0,6.71
58,Female,Brazil,59,84,130,69.3,5.61,3.99,64.98,29.23,186.0,1.41
36,Male,USA,135,100,284,82.86,8.78,2.84,83.56,41.53,127.0,3.09
13,Female,Canada,287,100,588,43.17,2.0,4.08,35.06,10.17,251.0,0.49
60,Female,South Korea,17,39,30,65.29,5.54,2.72,78.14,29.68,191.0,2.04
22,Female,Australia,37,60,80,93.61,9.14,1.0,73.27,40.14,164.0,9.14
25,Male,Sweden,23,51,24,51.85,2.48,6.5,49.73,10.34,261.0,0.38
48,Female,USA,71,87,167,42.42,0.88,8.89,39.14,7.88,359.0,0.1
21,Male,Spain,158,100,260,69.21,5.09,2.06,70.91,31.27,217.0,2.47
26,Male,Spain,20,51,38,52.98,3.48,5.37,51.89,18.05,277.0,0.65
48,Male,Spain,82,90,186,73.23,5.23,3.69,59.06,34.93,161.0,1.42
22,Male,Japan,154,100,280,40.22,2.78,4.98,44.59,13.11,335.0,0.56
52,Male,France,59,85,125,79.83,4.88,3.13,57.88,26.1,234.0,1.56
35,Female,Australia,96,95,178,45.51,2.18,6.02,42.92,14.73,255.0,0.36
47,Male,USA,191,100,374,48.61,2.73,5.93,31.57,10.61,283.0,0.46
19,Male,Mexico,31,57,80,42.32,2.7,6.09,48.67,13.06,319.0,0.44
54,Male,South Korea,13,32,29,60.1,5.28,1.59,77.77,22.62,178.0,3.32
47,Female,France,105,100,169,57.75,2.79,3.63,54.98,11.33,205.0,0.77
14,Male,Mexico,107,100,194,55.58,4.16,4.66,50.57,18.49,236.0,0.89
27,Male,Italy,55,71,129,64.04,2.16,5.02,62.28,22.06,218.0,0.43
21,Female,UK,46,66,100,65.92,6.15,1.25,75.3,30.78,222.0,4.92
59,Male,Canada,85,85,204,51.5,4.15,5.04,60.77,10.62,202.0,0.82
29,Male,UK,31,54,95,67.46,4.45,2.68,77.93,25.87,234.0,1.66
51,Male,Sweden,31,54,55,50.0,2.51,3.09,48.2,23.62,209.0,0.81
64,Female,Italy,135,100,320,59.1,3.35,5.82,43.06,13.18,202.0,0.58
30,Female,Germany,28,52,56,56.51,2.83,5.61,55.12,19.21,253.0,0.5
27,Male,Italy,14,39,10,51.38,3.34,6.0,60.88,23.4,282.0,0.56
30,Male,France,46,68,79,62.06,4.68,1.01,62.59,21.63,197.0,4.63
36,Male,Mexico,56,78,66,60.16,4.62,5.25,63.46,10.81,201.0,0.88
35,Female,Brazil,116,100,264,49.92,1.58,5.01,36.62,7.7,301.0,0.32
24,Female,USA,50,77,131,68.8,5.54,3.02,64.68,23.77,166.0,1.83
35,Male,Italy,212,100,403,55.24,4.23,5.27,56.67,13.51,258.0,0.8
33,Male,Japan,88,100,171,58.56,3.45,4.65,52.29,18.48,271.0,0.74
38,Female,Australia,41,81,83,77.19,9.0,0.84,71.67,44.64,196.0,10.71
20,Female,USA,113,100,206,50.91,3.33,3.56,52.13,22.45,295.0,0.94
42,Female,Australia,210,100,384,49.51,1.71,6.41,36.24,14.1,337.0,0.27
46,Female,Brazil,132,100,259,86.16,7.3,1.23,70.84,42.24,156.0,5.93
14,Female,USA,19,46,31,54.88,3.41,5.46,43.12,22.86,289.0,0.62
17,Male,Canada,60,84,112,64.2,3.19,3.65,49.34,14.99,217.0,0.87
43,Male,Italy,100,94,204,49.11,1.95,7.46,30.64,11.44,326.0,0.26
45,Male,Germany,128,100,284,75.19,6.66,3.19,78.2,24.99,200.0,2.09
16,Female,Spain,72,84,137,50.21,2.02,3.72,42.52,13.9,217.0,0.54
18,Male,Brazil,64,83,131,50.43,4.73,3.02,58.4,12.28,291.0,1.57
35,Male,Italy,261,100,536,77.86,5.96,3.02,55.13,34.77,237.0,1.97
57,Male,Germany,134,100,279,77.9,5.98,2.03,77.34,24.37,206.0,2.95
31,Male,USA,113,95,213,41.5,2.84,4.56,34.5,10.58,326.0,0.62
55,Female,Mexico,52,75,105,59.29,2.7,3.0,58.93,24.78,280.0,0.9
57,Male,Sweden,30,48,70,46.9,2.81,5.64,40.5,9.77,294.0,0.5
20,Male,Germany,115,100,207,75.5,5.58,1.95,61.45,20.57,208.0,2.86
51,Female,Japan,144,100,313,33.45,0.72,8.27,33.62,8.27,350.0,0.09
25,Male,Germany,82,92,192,63.41,4.81,5.42,55.89,14.56,298.0,0.89
13,Female,UK,134,100,253,65.48,4.61,2.33,56.42,34.68,208.0,1.98
18,Female,Canada,136,100,275,71.14,5.97,2.49,55.8,29.18,221.0,2.4
19,Female,Brazil,151,100,314,56.25,4.27,3.68,45.53,12.42,237.0,1.16
60,Female,Spain,18,47,25,76.94,6.48,2.15,69.73,30.81,174.0,3.01
39,Male,USA,62,75,133,42.52,2.94,6.47,49.63,8.38,320.0,0.45
27,Male,Brazil,120,100,243,64.45,4.78,2.54,62.99,22.51,176.0,1.88
64,Male,France,86,92,142,40.54,2.41,5.97,31.88,6.72,260.0,0.4
46,Male,Italy,137,100,283,59.19,2.28,5.26,40.51,13.74,289.0,0.43
35,Male,Brazil,113,100,203,74.37,4.22,3.46,67.33,32.7,210.0,1.22
60,Male,Japan,7,30,32,50.23,2.99,4.93,42.48,9.6,253.0,0.61
61,Female,Brazil,176,100,338,40.22,1.24,6.6,41.34,10.53,253.0,0.19
36,Male,France,56,82,108,69.39,6.77,2.19,70.62,31.7,228.0,3.09
27,Male,Germany,39,61,105,70.39,6.57,2.17,77.22,23.6,178.0,3.03
47,Male,Netherlands,172,100,353,50.8,4.39,4.25,45.73,13.48,290.0,1.03
16,Male,UK,129,100,236,62.51,3.66,4.85,51.86,15.87,291.0,0.75
56,Female,Germany,188,100,355,51.88,3.26,4.03,52.45,16.86,251.0,0.81
49,Male,South Korea,101,100,190,42.1,2.03,4.97,33.69,5.65,326.0,0.41
29,Female,Germany,61,76,129,56.41,3.88,5.18,56.98,17.06,238.0,0.75
43,Male,France,92,99,191,45.64,2.28,5.98,46.98,13.75,267.0,0.38
50,Male,Australia,32,60,47,77.72,8.52,1.25,70.46,43.33,138.0,6.82
22,Male,Spain,22,44,20,63.94,4.15,5.29,45.04,13.51,252.0,0.78
62,Female,France,48,66,101,52.58,2.92,3.96,43.99,13.08,278.0,0.74
39,Male,Italy,226,100,448,52.51,2.09,4.89,64.4,14.97,211.0,0.43
54,Male,Germany,53,74,149,86.41,9.63,2.46,85.56,34.73,163.0,3.91
18,Male,Brazil,14,41,28,41.37,2.36,6.9,49.3,7.6,251.0,0.34
18,Female,Spain,73,79,182,58.18,4.12,5.37,44.84,13.93,251.0,0.77
64,Female,USA,52,74,80,54.96,4.58,4.42,59.99,18.71,277.0,1.04
27,Male,Mexico,178,100,324,54.99,4.49,3.82,53.65,13.21,247.0,1.18
16,Male,USA,216,100,409,34.77,0.9,9.83,23.2,8.51,398.0,0.09
60,Female,Japan,59,75,141,60.4,6.1,1.76,56.01,26.04,243.0,3.47
52,Female,Germany,101,100,237,75.24,8.35,1.75,91.83,31.26,174.0,4.77
19,Female,Brazil,107,100,198,60.2,4.01,5.83,60.58,10.63,247.0,0.69
63,Female,Australia,80,97,150,55.97,2.93,4.35,49.6,16.49,297.0,0.67
61,Female,UK,69,83,114,76.77,9.69,1.7,85.59,42.45,148.0,5.7
65,Male,UK,36,49,35,68.61,5.23,2.12,78.14,32.43,160.0,2.47
57,Female,Netherlands,11,31,36,41.62,1.86,4.39,42.38,6.44,302.0,0.42
59,Female,Spain,36,64,76,50.11,2.95,5.03,52.1,24.67,287.0,0.59
38,Male,Australia,78,83,156,55.39,2.14,5.54,62.78,22.31,212.0,0.39
43,Male,Mexico,20,48,11,64.97,2.78,5.17,62.7,13.54,290.0,0.54
14,Female,Sweden,97,95,226,66.19,6.93,1.84,78.84,20.8,220.0,3.77
40,Male,USA,87,97,163,85.64,7.91,1.06,87.64,32.86,164.0,7.46
54,Female,Mexico,52,80,114,80.06,9.82,0.57,74.99,33.63,153.0,17.23
25,Male,Canada,66,75,102,53.49,3.47,5.62,57.8,18.7,208.0,0.62
30,Male,USA,24,47,44,50.41,1.33,7.15,35.0,9.17,285.0,0.19
42,Male,USA,149,100,303,92.18,6.51,1.91,73.55,40.57,192.0,3.41
23,Male,USA,147,100,300,68.69,5.46,3.78,68.02,27.31,207.0,1.44
25,Male,Brazil,29,48,61,50.34,1.21,7.28,38.71,5.72,328.0,0.17
63,Male,France,29,66,67,82.54,6.4,2.08,92.0,43.32,196.0,3.08
36,Female,Netherlands,37,66,51,77.35,4.01,2.14,75.46,25.49,210.0,1.87
41,Other,Brazil,124,100,251,59.09,3.1,5.71,52.58,16.97,299.0,0.54
17,Male,UK,107,100,216,57.4,2.54,4.54,60.35,21.65,278.0,0.56
47,Male,Netherlands,170,100,344,60.62,2.76,5.59,62.34,12.91,213.0,0.49
31,Male,South Korea,183,100,367,44.63,1.8,9.47,37.73,6.79,364.0,0.19
25,Male,Brazil,18,47,10,58.18,2.15,5.24,52.63,19.72,250.0,0.41
17,Male,Mexico,121,100,215,69.84,4.52,1.84,58.97,22.93,247.0,2.46
56,Male,South Korea,179,100,313,32.3,0.9,7.95,32.2,4.08,379.0,0.11
26,Male,Brazil,63,86,142,61.78,2.71,3.87,63.45,22.39,269.0,0.7
50,Male,France,81,95,178,51.23,3.25,4.68,44.69,16.72,260.0,0.69
34,Male,Spain,72,84,160,54.91,4.34,5.52,48.09,22.58,210.0,0.79
21,Female,Australia,75,95,156,91.75,6.61,0.71,86.04,37.08,192.0,9.31
61,Male,Spain,148,100,253,55.45,2.86,4.5,51.4,15.17,269.0,0.64
52,Female,Canada,254,100,487,61.39,4.56,5.92,46.67,20.74,239.0,0.77
38,Female,UK,208,100,419,73.54,5.43,3.98,73.22,34.29,233.0,1.36
57,Female,Canada,54,71,110,63.54,4.44,4.38,46.29,15.55,202.0,1.01
17,Female,Canada,101,100,197,47.86,2.01,6.1,49.48,14.11,266.0,0.33
41,Male,South Korea,42,58,91,55.53,3.27,4.08,59.96,17.86,257.0,0.8
34,Male,Australia,46,64,92,52.8,2.61,4.53,44.28,9.35,279.0,0.58
61,Male,Australia,79,88,160,40.75,1.97,5.42,35.03,11.95,326.0,0.36
15,Female,France,45,76,77,53.67,2.15,5.55,40.25,24.06,262.0,0.39
40,Female,South Korea,51,65,121,54.83,2.74,3.03,45.89,12.07,261.0,0.9
50,Female,France,99,100,189,78.33,8.11,1.98,77.45,30.53,122.0,4.1
26,Male,South Korea,119,100,211,50.4,4.22,3.95,59.91,16.48,245.0,1.07
59,Female,Spain,117,98,218,57.69,4.14,3.82,43.04,18.34,232.0,1.08
26,Male,France,118,100,229,56.64,3.94,4.48,55.51,18.16,273.0,0.88
55,Male,France,26,50,71,40.59,1.3,8.39,37.47,6.03,341.0,0.15
23,Female,Japan,43,68,85,61.46,3.75,3.21,62.3,10.46,274.0,1.17
21,Male,Germany,85,89,166,51.38,2.91,4.22,41.94,9.28,283.0,0.69
50,Other,Spain,173,100,321,76.81,8.25,1.7,72.61,39.19,179.0,4.85
59,Male,Australia,347,100,709,51.51,2.81,5.64,49.06,13.65,279.0,0.5
56,Female,Spain,104,93,194,52.39,3.31,4.21,54.39,18.75,274.0,0.79
18,Male,Australia,139,100,275,37.65,0.66,9.29,26.2,9.8,311.0,0.07
13,Female,Brazil,23,51,75,94.17,6.36,1.08,71.16,40.58,188.0,5.89
37,Female,Germany,136,100,282,56.51,4.79,4.77,55.75,22.68,229.0,1.0
28,Female,Japan,289,100,545,55.31,4.72,5.7,64.41,23.53,212.0,0.83
64,Male,Japan,42,66,48,42.36,1.11,9.95,29.45,6.88,352.0,0.11
27,Female,Mexico,52,68,102,66.43,4.23,3.69,75.07,22.09,227.0,1.15
46,Male,South Korea,152,100,279,49.39,1.82,5.02,47.19,12.0,304.0,0.36
29,Male,UK,84,100,180,72.19,4.27,2.42,59.84,23.13,216.0,1.76
15,Male,Sweden,10,22,20,53.67,1.81,4.83,42.97,13.71,324.0,0.37
15,Female,Australia,55,72,113,53.03,2.07,7.01,32.8,8.48,288.0,0.3
49,Male,Italy,215,100,415,37.67,1.89,9.37,22.69,4.21,335.0,0.2
29,Female,Netherlands,66,74,166,54.36,3.84,5.71,64.06,19.8,283.0,0.67
61,Female,UK,66,83,188,57.88,2.62,4.57,53.88,21.14,221.0,0.57
64,Male,Brazil,145,100,284,35.52,1.05,9.8,28.88,8.29,375.0,0.11
50,Female,Japan,107,100,221,65.31,5.72,3.68,66.88,34.18,171.0,1.55
13,Male,Italy,63,78,127,51.11,4.67,5.54,64.81,20.19,293.0,0.84
19,Female,Brazil,49,82,92,62.4,4.53,4.71,49.56,24.02,243.0,0.96
38,Male,Sweden,455,100,893,58.08,3.34,4.69,51.76,10.72,288.0,0.71
59,Male,Canada,192,100,362,56.67,3.77,3.42,40.08,13.68,270.0,1.1
51,Male,Germany,118,100,213,51.49,4.73,3.65,45.11,12.72,201.0,1.3
31,Male,Mexico,123,100,254,51.58,2.75,6.46,33.76,7.85,297.0,0.43
64,Male,Brazil,75,81,139,54.32,1.49,6.93,38.79,7.98,295.0,0.22
42,Male,Sweden,106,100,160,61.42,6.4,1.73,73.14,21.03,245.0,3.7
55,Male,Mexico,69,87,146,78.86,9.53,2.52,94.2,37.17,178.0,3.78
26,Male,Germany,39,58,77,55.56,2.55,4.33,44.14,24.73,209.0,0.59
25,Male,Sweden,109,98,244,48.84,2.25,6.15,43.24,6.16,305.0,0.37
32,Female,Spain,64,89,135,54.31,4.82,5.29,64.31,10.56,228.0,0.91
38,Male,Netherlands,113,100,196,52.93,2.03,3.73,56.97,13.47,250.0,0.54
39,Female,Brazil,128,99,211,43.32,1.54,6.97,27.45,6.19,317.0,0.22
37,Female,France,117,100,219,49.51,1.73,7.41,45.13,11.11,286.0,0.23
21,Female,USA,36,61,59,64.2,6.33,2.46,60.62,22.93,166.0,2.57
53,Female,Japan,59,76,136,61.66,2.69,4.58,51.29,18.69,287.0,0.59
60,Male,Italy,65,79,129,43.02,1.18,5.08,28.53,7.24,355.0,0.23
24,Female,Japan,163,100,348,49.77,1.31,6.59,33.65,12.51,283.0,0.2
22,Male,Japan,157,100,287,50.65,1.1,5.63,44.1,7.27,329.0,0.2
18,Female,Spain,45,66,109,59.46,3.76,4.06,52.06,18.96,247.0,0.93
62,Female,USA,25,42,64,40.47,1.15,6.01,24.28,3.04,330.0,0.19
46,Male,Germany,358,100,675,51.23,2.59,4.81,49.18,10.02,341.0,0.54
64,Female,Netherlands,114,100,254,74.14,6.17,1.26,60.5,20.13,221.0,4.9
53,Male,South Korea,22,45,45,45.17,2.57,5.36,46.39,6.31,267.0,0.48
31,Male,Spain,51,70,109,55.11,3.23,4.05,59.09,11.45,235.0,0.8
18,Male,Japan,168,100,318,52.56,1.13,7.77,49.73,5.89,279.0,0.15
14,Female,Sweden,303,100,631,35.59,1.66,7.98,32.89,8.3,311.0,0.21
27,Female,Netherlands,271,100,518,52.5,2.41,6.31,47.79,12.0,270.0,0.38
29,Female,Japan,111,100,238,68.59,5.48,1.17,78.87,21.93,219.0,4.68
28,Male,Sweden,83,92,182,70.12,4.08,3.77,76.3,27.86,172.0,1.08
40,Male,UK,33,51,46,62.43,5.09,1.77,67.67,34.5,207.0,2.88
33,Female,Mexico,88,90,215,63.35,3.95,4.43,61.37,17.07,286.0,0.89
20,Male,Mexico,37,60,78,54.37,2.39,5.57,54.69,23.34,293.0,0.43
22,Female,UK,59,71,131,40.8,2.0,5.5,42.52,12.94,278.0,0.36
22,Male,Canada,151,100,271,48.35,2.42,4.54,46.28,11.06,344.0,0.53
62,Male,South Korea,69,92,180,66.79,4.32,2.52,57.15,34.54,153.0,1.71
22,Male,UK,65,75,105,41.3,1.29,6.84,21.32,7.36,358.0,0.19
21,Female,Sweden,80,85,180,34.21,1.87,6.52,28.99,6.81,310.0,0.29
40,Male,Mexico,392,100,764,53.98,1.75,4.32,37.75,11.0,301.0,0.41
36,Male,Japan,30,55,47,40.42,0.58,6.42,36.38,3.56,385.0,0.09
31,Male,Italy,102,97,219,41.38,2.67,5.44,42.24,6.53,256.0,0.49
45,Male,France,256,100,532,53.24,2.38,3.94,52.86,18.83,278.0,0.6
16,Male,Mexico,79,80,132,59.84,3.83,4.24,51.85,16.22,284.0,0.9
15,Male,South Korea,189,100,399,64.6,4.02,2.95,60.06,33.35,235.0,1.36
54,Female,South Korea,23,47,66,61.53,4.32,2.49,70.23,24.12,221.0,1.73
24,Male,USA,70,92,121,58.92,2.97,3.08,58.75,13.22,283.0,0.96
30,Female,France,41,71,113,46.3,2.15,7.49,47.27,8.72,270.0,0.29
35,Female,Spain,79,82,128,61.63,3.3,3.58,62.61,12.97,202.0,0.92
32,Male,Mexico,80,83,147,50.3,3.87,4.99,47.78,14.8,233.0,0.78
18,Male,Germany,87,89,183,50.2,1.12,7.72,34.45,15.0,267.0,0.15
65,Female,Brazil,150,100,282,61.57,2.67,3.24,61.87,22.88,240.0,0.82
46,Male,Brazil,6,25,17,60.54,3.67,5.56,47.88,17.86,248.0,0.66
54,Male,USA,49,68,102,55.31,4.67,3.5,43.74,18.65,265.0,1.33
14,Male,Australia,97,99,190,52.92,3.17,5.84,46.17,20.03,274.0,0.54
42,Female,Brazil,11,36,38,46.72,2.88,6.95,39.16,10.69,319.0,0.41
21,Male,USA,130,100,255,86.84,9.51,1.39,77.5,33.21,123.0,6.84
39,Other,Australia,49,76,102,60.86,6.61,3.04,71.51,29.22,234.0,2.17
54,Female,South Korea,71,78,164,47.2,2.74,5.44,48.53,11.99,275.0,0.5
46,Male,South Korea,155,100,325,71.28,5.6,1.41,69.78,24.72,155.0,3.97
52,Male,Spain,195,100,405,64.23,3.92,5.63,56.9,15.35,251.0,0.7
36,Male,Australia,132,100,241,73.51,6.88,1.76,76.87,33.86,217.0,3.91
61,Male,Germany,29,51,68,78.63,5.19,3.86,72.57,20.63,240.0,1.34
29,Male,Mexico,128,100,238,57.27,3.38,4.7,43.73,17.04,283.0,0.72
41,Male,Brazil,134,100,242,30.23,0.91,5.01,28.31,8.1,379.0,0.18
48,Male,Sweden,116,100,230,54.18,2.22,5.02,48.48,12.75,307.0,0.44
62,Male,Japan,217,100,415,60.43,4.77,5.14,49.21,20.7,204.0,0.93
24,Male,UK,88,100,191,55.8,3.22,3.5,40.58,12.0,265.0,0.92
43,Female,Italy,211,100,438,52.03,2.98,5.39,41.99,14.37,266.0,0.55
61,Male,Mexico,210,100,381,50.76,2.51,4.36,47.22,13.13,253.0,0.58
21,Other,South Korea,136,100,255,61.82,4.15,2.0,67.73,27.99,176.0,2.08
31,Male,Italy,103,100,176,93.23,7.47,0.61,77.51,37.97,152.0,12.25
58,Male,Spain,116,100,222,54.11,2.39,5.46,64.9,14.94,238.0,0.44
58,Male,Spain,248,100,505,49.27,2.44,5.57,48.1,10.6,295.0,0.44
29,Male,Sweden,173,100,341,49.7,2.91,7.18,30.8,8.32,297.0,0.41
14,Male,Netherlands,32,43,52,34.72,1.55,9.13,34.63,9.93,327.0,0.17
52,Female,USA,111,100,248,92.5,9.07,1.41,88.35,31.56,183.0,6.43
17,Other,South Korea,39,57,31,47.98,1.58,6.62,42.83,7.09,253.0,0.24
51,Male,Canada,47,69,118,56.5,3.71,5.63,63.21,17.93,275.0,0.66
60,Male,Italy,61,79,111,46.59,2.49,4.82,37.42,11.34,251.0,0.52
28,Male,Australia,21,46,40,60.84,4.51,4.2,51.2,22.77,277.0,1.07
29,Male,Australia,37,55,63,54.32,2.97,5.04,54.08,12.43,230.0,0.59
39,Male,USA,224,100,478,78.0,6.06,3.96,74.18,34.13,171.0,1.53
19,Male,UK,47,73,69,51.57,1.04,6.68,39.39,8.47,336.0,0.16
64,Male,Netherlands,151,100,302,42.81,0.53,8.05,27.36,5.91,383.0,0.07
20,Male,Japan,94,99,198,44.65,2.89,4.72,43.25,11.72,275.0,0.61
20,Male,Spain,124,100,215,81.5,9.34,2.4,78.23,38.01,124.0,3.89
35,Male,Mexico,128,100,237,64.17,5.46,1.26,76.08,30.77,244.0,4.33
44,Male,UK,35,57,67,60.4,4.82,4.66,55.01,24.65,264.0,1.03
55,Other,Japan,150,100,282,50.46,4.17,5.72,59.89,18.76,267.0,0.73
59,Male,Canada,26,54,35,64.85,2.27,5.0,47.08,19.6,260.0,0.45
30,Female,Mexico,45,70,83,42.3,1.41,6.49,32.56,7.65,333.0,0.22
50,Female,USA,126,100,264,81.54,7.95,2.85,75.68,35.84,168.0,2.79
24,Female,Sweden,33,54,59,61.33,4.7,5.75,59.42,13.42,202.0,0.82
27,Female,Mexico,10,30,41,55.76,2.42,5.13,56.53,10.66,283.0,0.47
40,Female,Germany,108,100,196,53.73,3.3,5.0,50.74,16.62,206.0,0.66
50,Female,Netherlands,17,39,10,36.02,1.65,9.58,28.27,5.97,370.0,0.17
62,Male,Canada,135,100,308,54.14,1.53,5.76,45.92,11.1,261.0,0.27
43,Male,South Korea,65,82,116,72.55,4.56,2.53,68.23,33.14,196.0,1.8
64,Other,USA,106,96,185,34.19,0.85,9.37,23.42,5.98,318.0,0.09
21,Female,USA,105,96,175,61.6,3.42,4.05,49.03,22.78,255.0,0.84
20,Female,USA,142,100,305,50.77,2.79,7.61,36.57,14.52,252.0,0.37
58,Female,Brazil,129,100,251,55.65,4.69,3.82,46.83,14.54,261.0,1.23
31,Female,Sweden,33,53,60,46.57,2.45,7.58,43.48,7.04,343.0,0.32
63,Female,UK,68,80,132,53.97,2.45,3.27,54.08,11.71,213.0,0.75
20,Female,Japan,106,100,232,66.0,4.84,2.81,75.42,31.42,176.0,1.72
46,Male,Sweden,214,100,424,43.68,2.93,4.03,47.59,7.0,344.0,0.73
16,Female,South Korea,130,100,306,55.13,3.32,5.12,54.69,14.77,255.0,0.65
43,Female,Australia,201,100,404,60.96,2.13,3.03,51.45,11.98,266.0,0.7
50,Female,South Korea,110,100,241,53.21,3.3,3.59,53.71,11.74,202.0,0.92
15,Female,Sweden,175,100,366,76.02,9.82,0.86,87.71,31.02,128.0,11.42
47,Male,Spain,100,100,199,70.18,5.39,3.85,78.62,31.69,210.0,1.4
31,Male,Sweden,170,100,328,46.82,1.71,7.79,42.06,10.79,273.0,0.22
55,Female,Spain,62,69,130,30.7,1.92,6.57,28.85,3.8,383.0,0.29
41,Male,Germany,230,100,470,40.41,2.67,4.56,47.73,12.3,266.0,0.59
22,Male,Sweden,119,100,226,58.49,2.94,3.53,61.48,16.05,239.0,0.83
24,Male,Germany,21,39,45,32.55,1.07,9.36,27.26,9.66,394.0,0.11
58,Female,Sweden,109,100,242,52.17,2.53,5.59,49.82,10.07,227.0,0.45
42,Female,Germany,130,100,301,58.96,4.4,3.4,42.76,23.83,275.0,1.29
42,Female,France,154,100,325,58.85,4.31,4.29,58.96,15.58,224.0,1.0
30,Female,Germany,283,100,603,74.58,5.26,3.94,63.74,33.83,243.0,1.34
36,Male,Spain,54,70,95,43.63,2.6,5.73,48.35,9.5,324.0,0.45
44,Male,Canada,285,100,584,37.0,0.84,6.0,28.51,8.29,360.0,0.14
21,Male,Japan,83,87,192,73.77,4.85,2.44,56.11,32.26,248.0,1.99
59,Female,Germany,44,71,70,56.1,2.03,3.51,56.31,19.18,278.0,0.58
36,Male,Canada,55,78,100,53.81,4.29,5.06,48.07,18.18,214.0,0.85
38,Female,France,125,100,284,56.79,4.64,4.26,60.99,18.85,219.0,1.09
15,Male,France,38,63,56,48.72,2.01,5.59,32.39,9.17,257.0,0.36
35,Male,Australia,63,80,99,61.98,5.25,1.92,78.14,25.64,225.0,2.73
23,Female,Brazil,107,100,244,70.6,6.11,1.78,78.55,27.95,233.0,3.43
22,Male,Brazil,229,100,481,55.48,2.3,5.02,40.19,17.13,219.0,0.46
62,Female,Mexico,151,100,310,49.41,2.96,5.86,46.35,10.08,299.0,0.51
48,Male,Brazil,86,98,171,63.96,4.67,5.36,47.41,18.18,222.0,0.87
25,Male,Mexico,124,100,239,56.66,3.45,5.49,62.4,16.22,201.0,0.63
41,Male,Italy,99,99,203,42.93,0.76,8.11,20.5,5.8,398.0,0.09
50,Male,UK,28,56,87,77.01,7.69,1.27,92.63,43.04,139.0,6.06
65,Female,Brazil,255,100,514,41.22,2.25,5.35,43.44,5.32,263.0,0.42
25,Male,France,231,100,505,88.73,6.85,2.64,71.46,33.23,199.0,2.59
38,Male,Australia,78,85,138,56.5,4.11,3.55,55.25,20.89,231.0,1.16
32,Male,Canada,57,80,113,52.43,2.21,5.56,41.15,10.77,266.0,0.4
17,Female,Sweden,29,48,50,56.04,3.03,4.2,59.03,17.24,294.0,0.72
32,Female,Netherlands,130,100,238,65.87,5.25,3.36,68.65,28.21,155.0,1.56
26,Male,Germany,130,100,256,67.97,4.81,4.0,62.71,33.27,217.0,1.2
57,Male,Brazil,41,69,90,66.82,5.63,3.52,77.08,22.41,183.0,1.6
26,Female,Netherlands,100,99,210,55.03,2.13,4.79,61.37,15.72,274.0,0.44
20,Female,Mexico,148,100,339,59.42,3.13,3.42,57.73,22.82,268.0,0.92
60,Male,Canada,54,69,117,60.36,4.65,1.21,69.26,31.35,161.0,3.84
25,Female,USA,71,81,165,52.58,2.11,6.76,49.43,5.84,340.0,0.31
36,Female,Spain,70,77,141,51.89,3.18,5.55,62.66,17.6,259.0,0.57
27,Female,Brazil,43,55,119,50.62,2.67,4.49,46.2,9.81,295.0,0.59
63,Female,Sweden,72,90,191,83.48,8.04,2.86,83.71,44.3,134.0,2.81
13,Female,Spain,18,44,46,89.48,9.25,2.2,85.17,38.47,188.0,4.2
34,Male,Brazil,67,85,114,42.32,0.68,9.24,28.28,4.78,386.0,0.07
46,Female,USA,68,89,125,68.64,6.43,1.79,55.1,27.43,160.0,3.59
62,Male,Germany,79,100,163,90.09,7.1,1.61,72.18,34.3,182.0,4.41
63,Female,UK,118,100,245,42.27,2.29,7.67,43.6,13.11,260.0,0.3
52,Male,South Korea,27,52,67,53.76,4.68,5.15,55.99,19.96,241.0,0.91
15,Male,Netherlands,32,48,73,75.89,9.14,2.2,81.82,43.5,146.0,4.15
38,Female,South Korea,42,58,84,34.41,1.81,8.98,30.3,3.92,321.0,0.2
26,Female,Italy,24,49,35,59.84,3.16,5.51,63.75,22.08,237.0,0.57
53,Male,Japan,127,100,262,51.83,1.7,4.67,30.67,8.86,340.0,0.36
20,Male,Sweden,52,76,141,79.78,6.83,2.92,70.63,41.79,145.0,2.34
61,Male,Canada,81,95,182,75.75,9.67,0.85,83.79,34.11,125.0,11.38
28,Other,Canada,39,53,88,76.0,6.46,0.68,89.01,37.28,147.0,9.5
54,Female,Germany,62,80,144,56.28,4.79,5.73,57.89,23.27,231.0,0.84
33,Male,South Korea,104,100,200,67.62,5.84,2.87,67.04,26.01,248.0,2.03
22,Female,Australia,108,100,205,76.42,5.3,3.18,61.74,21.5,185.0,1.67
37,Female,Sweden,33,59,51,56.04,2.05,5.44,48.98,18.71,207.0,0.38
50,Male,France,78,89,153,63.5,6.67,2.83,78.76,34.98,187.0,2.36
34,Female,Brazil,40,63,71,34.48,1.79,9.99,32.59,8.57,378.0,0.18
61,Male,Japan,76,75,176,55.33,3.72,5.5,57.2,10.32,233.0,0.68
60,Female,Australia,48,64,86,42.17,1.47,7.62,30.74,7.2,280.0,0.19
59,Male,Japan,266,100,515,49.25,2.07,4.87,33.28,7.37,300.0,0.43
58,Male,France,147,100,332,34.07,1.92,7.32,21.18,8.1,332.0,0.26
16,Male,Spain,111,94,212,59.8,2.84,4.71,59.3,23.92,226.0,0.6
16,Male,Brazil,66,87,135,55.02,3.39,5.78,62.53,11.35,213.0,0.59
42,Female,Italy,150,100,309,69.91,4.32,2.04,58.71,29.54,244.0,2.12
14,Male,Sweden,79,85,135,44.95,1.06,8.0,37.13,3.82,368.0,0.13
41,Male,Italy,248,100,520,56.13,2.62,4.21,41.9,20.43,225.0,0.62
55,Female,France,161,100,334,54.67,2.36,5.59,52.34,18.58,256.0,0.42
48,Male,Sweden,61,70,153,68.21,4.58,3.24,58.18,21.56,221.0,1.41
33,Male,Canada,230,100,446,53.13,2.92,4.43,51.23,20.63,262.0,0.66
33,Female,Canada,66,86,133,59.67,4.14,3.88,48.06,16.57,230.0,1.07
60,Female,Brazil,276,100,552,79.7,6.44,1.49,55.14,20.64,174.0,4.32
33,Male,UK,238,100,481,51.71,3.6,5.57,58.42,13.23,239.0,0.65
16,Male,Germany,103,96,176,47.62,2.62,7.36,48.19,10.09,319.0,0.36
13,Female,Germany,18,35,38,31.68,1.35,6.24,28.63,7.44,325.0,0.22
38,Male,Canada,98,97,167,61.04,4.03,1.07,55.21,21.66,173.0,3.77
63,Male,Canada,30,49,67,33.32,1.98,6.53,22.55,6.82,385.0,0.3
14,Male,Netherlands,49,79,55,73.56,4.89,2.68,72.87,30.92,216.0,1.82
21,Male,Sweden,53,69,68,63.06,4.61,4.74,50.75,19.62,281.0,0.97
57,Female,Italy,30,57,76,75.11,9.97,0.96,81.76,43.08,138.0,10.39
30,Female,France,98,100,185,69.54,4.4,2.19,59.43,25.45,187.0,2.01
60,Female,Italy,45,71,70,94.86,9.98,0.79,88.15,30.78,122.0,12.63
60,Female,USA,69,76,163,51.58,4.9,5.82,44.85,12.43,224.0,0.84
54,Male,Sweden,53,74,112,70.31,5.71,1.66,73.92,24.64,242.0,3.44
53,Male,Mexico,118,100,253,59.85,3.31,5.37,60.45,14.36,233.0,0.62
23,Other,UK,112,100,220,64.04,2.49,3.13,51.35,22.02,277.0,0.8
37,Male,South Korea,65,75,183,63.79,3.6,3.3,54.72,21.68,209.0,1.09
38,Male,Australia,122,100,231,63.45,4.04,2.78,77.17,30.06,248.0,1.45
48,Female,Mexico,190,100,414,76.26,9.61,2.54,77.86,44.6,143.0,3.78
54,Male,France,8,24,14,77.79,6.64,3.27,69.09,21.8,203.0,2.03
47,Male,Mexico,51,64,68,55.35,4.38,5.27,62.77,10.22,280.0,0.83
50,Female,Mexico,36,69,81,64.08,4.37,3.39,42.03,10.31,262.0,1.29
15,Other,France,47,69,100,72.59,6.96,2.19,63.3,29.37,232.0,3.18
53,Male,Sweden,6,27,10,54.05,2.61,5.71,42.7,13.56,299.0,0.46
47,Female,Netherlands,7,15,10,43.25,1.34,4.0,44.36,6.11,274.0,0.34
62,Male,South Korea,55,87,109,54.47,3.68,4.19,56.87,10.83,212.0,0.88
52,Male,Canada,53,75,112,47.49,1.67,5.18,31.34,13.96,319.0,0.32
34,Female,Canada,208,100,366,41.82,1.13,7.9,43.62,9.17,320.0,0.14
20,Female,Brazil,92,92,205,51.34,2.56,5.91,38.6,5.11,342.0,0.43
27,Male,Mexico,120,100,230,39.05,0.8,9.6,38.3,9.92,387.0,0.08
57,Male,Australia,680,100,1000,44.97,0.87,9.21,36.46,4.62,309.0,0.09
19,Male,Netherlands,251,100,520,94.59,7.18,2.68,70.1,30.32,157.0,2.68
31,Male,Netherlands,80,89,159,53.58,4.07,4.7,41.94,12.44,238.0,0.87
52,Male,France,58,78,140,52.78,4.38,4.25,42.34,17.27,209.0,1.03
54,Male,Australia,51,62,110,51.93,2.72,5.58,63.12,22.39,233.0,0.49
29,Male,South Korea,106,99,211,44.09,2.1,6.89,49.87,6.32,254.0,0.3
13,Male,Japan,59,73,114,88.89,9.33,2.62,86.96,44.31,160.0,3.56
57,Male,Sweden,29,58,67,78.28,6.9,3.54,62.74,22.94,204.0,1.95
41,Female,Germany,53,64,97,36.8,1.82,5.5,25.15,8.26,309.0,0.33
25,Male,Brazil,108,96,198,54.81,3.16,4.87,43.95,22.91,244.0,0.65
60,Male,Germany,135,100,282,78.34,5.4,1.83,58.55,20.06,203.0,2.95
41,Female,Italy,268,100,533,77.14,7.57,1.97,76.89,32.63,181.0,3.84
53,Female,Brazil,89,93,178,64.2,2.3,3.47,64.0,10.57,297.0,0.66
54,Male,UK,198,100,417,50.07,4.62,3.92,63.46,14.75,265.0,1.18
18,Male,France,71,73,139,41.2,1.48,7.09,40.57,14.28,292.0,0.21
17,Female,Germany,79,94,158,92.4,7.8,2.95,94.0,34.94,190.0,2.64
46,Male,Australia,76,82,140,52.71,1.42,6.5,31.45,13.37,267.0,0.22
23,Female,France,97,100,202,76.42,7.6,1.94,91.37,44.61,155.0,3.92
21,Male,Australia,152,100,310,50.91,4.25,4.7,51.2,14.64,250.0,0.9
50,Male,Mexico,57,77,132,55.08,4.27,4.63,61.92,18.15,223.0,0.92
52,Male,Germany,38,65,64,62.77,3.67,3.62,55.59,15.37,284.0,1.01
53,Female,Mexico,161,100,312,46.8,2.45,4.38,37.92,14.83,330.0,0.56
21,Female,Sweden,153,100,321,42.4,1.56,5.32,43.01,12.57,324.0,0.29
20,Male,Canada,219,100,443,47.65,2.62,5.75,32.48,10.64,345.0,0.46
56,Male,Japan,50,67,81,51.89,2.16,6.59,48.61,9.28,283.0,0.33
52,Male,UK,69,76,164,79.54,6.59,1.97,66.59,26.23,164.0,3.35
15,Male,UK,165,100,296,64.37,3.21,5.63,44.73,18.22,202.0,0.57
25,Female,Sweden,56,74,127,41.46,1.37,8.13,21.03,4.48,307.0,0.17
31,Male,Germany,131,100,236,80.78,8.51,1.92,85.3,38.24,141.0,4.43
46,Female,Spain,71,97,179,64.89,4.41,3.55,70.41,22.8,167.0,1.24
44,Female,Japan,106,100,181,92.46,8.97,2.15,80.17,33.93,198.0,4.17
61,Female,Italy,29,57,81,90.94,7.21,2.62,88.97,34.46,154.0,2.75
28,Female,USA,88,100,174,42.79,1.22,6.89,35.35,13.2,349.0,0.18
48,Male,South Korea,187,100,366,51.15,3.42,5.41,59.72,21.4,234.0,0.63
30,Male,Brazil,144,100,291,69.08,5.78,3.92,63.19,33.85,176.0,1.47
26,Male,UK,35,51,82,64.84,4.01,4.39,55.33,14.09,227.0,0.91
42,Male,France,254,100,489,41.7,1.23,5.39,45.26,11.08,260.0,0.23
14,Male,Canada,180,100,343,77.04,5.8,3.88,71.75,22.63,197.0,1.49
25,Male,Mexico,30,59,72,49.73,1.06,4.06,32.59,7.52,292.0,0.26
39,Female,USA,53,67,71,47.31,1.28,6.69,41.92,7.94,251.0,0.19
65,Male,Italy,32,54,52,51.16,3.18,3.46,49.42,19.42,254.0,0.92
64,Female,France,108,98,276,53.47,3.03,4.84,61.52,21.3,255.0,0.63
29,Female,Germany,51,67,82,55.43,3.1,5.64,40.98,24.82,266.0,0.55
43,Female,Japan,10,17,42,40.22,0.56,8.03,29.7,3.74,327.0,0.07
27,Male,UK,78,89,144,77.81,5.65,2.24,56.82,30.71,220.0,2.52
32,Male,Brazil,157,100,324,49.21,2.02,5.74,41.87,7.33,344.0,0.35
17,Male,Sweden,90,94,193,48.83,1.62,5.8,46.11,6.62,279.0,0.28
19,Male,USA,123,100,268,73.59,4.95,3.38,58.26,31.44,156.0,1.46
30,Male,Sweden,96,100,187,75.25,9.59,1.95,78.8,33.49,169.0,4.92
23,Female,UK,140,100,319,70.18,6.97,3.95,70.88,26.64,199.0,1.76
44,Male,South Korea,103,99,194,73.65,4.3,1.99,56.88,21.1,169.0,2.16
62,Male,Spain,75,82,154,57.28,4.35,4.46,48.39,11.24,255.0,0.98
39,Other,Spain,89,85,182,54.07,3.84,5.93,42.78,13.18,247.0,0.65
38,Male,Italy,224,100,425,44.53,1.66,9.49,26.67,9.94,310.0,0.17
49,Male,Italy,128,98,250,50.79,4.57,5.78,42.26,11.7,203.0,0.79
57,Female,Spain,35,62,73,51.57,2.63,5.91,56.7,21.68,277.0,0.45
40,Male,Canada,88,92,167,48.03,2.59,6.38,36.29,10.61,303.0,0.41
62,Female,Mexico,106,100,260,76.47,6.95,2.23,74.08,21.5,227.0,3.12
14,Male,Germany,73,90,129,55.57,2.12,4.09,55.27,11.79,292.0,0.52
32,Female,France,10,27,43,31.17,1.9,8.54,26.59,5.74,374.0,0.22
16,Male,UK,39,68,95,49.02,2.34,5.56,39.76,14.9,271.0,0.42
25,Male,South Korea,59,79,117,56.27,2.88,5.3,59.1,14.39,208.0,0.54
36,Male,France,274,100,530,30.17,1.14,7.05,39.77,6.29,325.0,0.16
60,Male,France,118,100,220,77.82,5.47,2.8,57.39,25.74,244.0,1.95
50,Male,UK,18,31,25,58.84,3.03,4.88,62.76,14.11,250.0,0.62
52,Male,Mexico,77,83,118,64.38,2.52,5.16,55.36,20.2,235.0,0.49
60,Male,Canada,201,100,381,54.71,4.05,3.65,50.49,12.82,200.0,1.11
57,Male,Netherlands,51,76,72,79.4,5.3,3.91,58.51,28.81,170.0,1.36
41,Male,Canada,169,100,364,61.85,4.35,3.34,62.8,12.92,261.0,1.3
48,Male,South Korea,18,36,48,64.78,4.65,5.87,48.56,11.58,218.0,0.79
14,Female,South Korea,1,1,17,57.51,4.38,3.45,56.49,14.85,234.0,1.27
53,Male,Japan,187,100,385,49.93,1.93,7.25,33.12,12.9,256.0,0.27
30,Male,Italy,56,86,115,63.88,5.97,3.56,61.32,24.91,203.0,1.68
61,Female,Netherlands,60,80,149,64.23,6.43,3.32,58.63,26.96,227.0,1.94
20,Female,South Korea,96,100,179,55.06,3.9,3.15,55.22,12.29,283.0,1.24
27,Male,Germany,115,100,232,67.11,4.84,3.52,56.25,25.95,187.0,1.38
53,Male,Japan,3,11,20,65.7,6.74,3.25,56.6,30.72,202.0,2.07
29,Male,Mexico,47,64,67,78.02,4.94,2.72,67.52,27.34,195.0,1.82
35,Male,France,87,94,235,64.11,6.27,2.35,78.96,23.91,218.0,2.67
14,Female,Germany,115,97,230,64.11,3.99,5.61,60.69,15.4,260.0,0.71
18,Male,Japan,35,54,72,52.34,3.61,3.69,58.59,17.92,241.0,0.98
41,Female,Italy,70,80,165,54.03,5.0,3.22,41.09,13.26,297.0,1.55
39,Male,Japan,50,66,118,79.58,5.96,3.64,60.35,34.58,164.0,1.64
49,Male,Spain,98,86,196,41.52,1.22,6.29,45.62,8.67,347.0,0.19
61,Female,Canada,182,100,366,68.69,4.45,2.4,71.98,32.48,195.0,1.85
46,Male,Australia,63,81,95,71.87,4.8,2.94,79.65,20.74,238.0,1.63
30,Male,Japan,22,45,32,38.43,0.88,9.77,29.67,5.32,318.0,0.09
54,Other,USA,45,63,100,64.89,6.5,2.84,77.83,23.48,162.0,2.29
22,Female,Netherlands,252,100,512,40.09,2.02,7.99,43.9,8.08,337.0,0.25
50,Female,Spain,39,70,102,61.73,2.05,5.45,47.51,12.25,222.0,0.38
56,Male,France,27,55,51,69.37,5.27,1.87,59.31,31.43,249.0,2.82
29,Male,Brazil,60,72,92,51.67,1.59,4.98,34.35,6.37,305.0,0.32
25,Female,Canada,77,90,175,72.11,6.12,3.04,62.31,24.95,218.0,2.01
64,Male,Mexico,53,71,134,66.99,4.64,2.12,61.8,21.32,233.0,2.19
60,Female,UK,18,38,53,62.8,2.66,3.19,58.47,13.17,239.0,0.83
54,Male,Mexico,105,100,206,30.96,0.84,8.96,36.09,4.45,333.0,0.09
39,Male,Spain,98,96,216,42.01,1.15,7.97,43.11,10.42,326.0,0.14
65,Other,Sweden,136,100,340,62.6,4.42,3.05,44.67,19.82,237.0,1.45
14,Male,Italy,97,100,196,94.65,8.66,2.89,75.04,42.96,145.0,3.0
46,Male,Italy,239,100,451,64.84,2.47,4.55,59.82,16.49,246.0,0.54
43,Male,Italy,144,100,276,54.8,1.85,6.42,31.09,13.42,314.0,0.29
35,Male,USA,124,100,260,56.06,2.05,4.78,40.32,10.02,261.0,0.43
19,Male,Mexico,187,100,341,52.84,2.58,4.96,41.34,14.7,214.0,0.52
50,Male,South Korea,92,100,187,71.6,5.99,3.16,61.38,21.34,157.0,1.9
45,Male,Sweden,71,80,149,46.39,2.89,4.87,35.13,6.01,310.0,0.59
24,Female,South Korea,104,100,238,73.6,5.93,3.58,67.16,22.02,178.0,1.66
57,Male,USA,10,27,46,59.94,3.84,4.59,57.07,19.56,288.0,0.84
24,Other,UK,92,97,201,86.72,9.11,1.12,86.95,43.53,150.0,8.13
31,Male,South Korea,77,95,110,61.69,4.17,3.18,54.54,11.95,296.0,1.31
21,Male,Brazil,113,100,244,62.17,2.33,3.37,54.86,15.17,203.0,0.69
22,Male,Canada,170,100,354,85.83,7.55,0.75,90.05,43.73,180.0,10.07
29,Female,Canada,126,100,257,52.34,1.43,5.05,34.17,12.65,344.0,0.28
62,Other,Australia,45,73,55,89.34,9.53,2.1,79.69,36.39,126.0,4.54
52,Female,USA,151,100,286,50.47,4.09,4.32,53.81,18.36,227.0,0.95
51,Male,UK,241,100,458,37.14,1.21,6.94,36.41,6.16,360.0,0.17
53,Male,Japan,173,100,305,63.43,4.6,5.67,46.75,10.52,226.0,0.81
22,Female,Japan,24,58,47,65.57,6.73,2.95,57.04,22.03,165.0,2.28
24,Female,France,126,100,236,39.46,1.6,9.3,38.81,4.41,330.0,0.17
27,Other,USA,28,53,108,53.6,3.08,5.74,54.38,21.07,249.0,0.54
43,Male,Germany,66,81,128,50.43,2.19,4.61,57.97,13.23,272.0,0.48
27,Other,Mexico,111,100,247,62.16,3.24,5.24,50.1,20.18,276.0,0.62
40,Male,France,100,89,168,44.88,1.02,7.06,23.31,4.43,369.0,0.14
16,Male,France,171,100,331,78.34,5.18,1.54,62.13,26.83,179.0,3.36
48,Male,Sweden,242,100,485,79.67,8.94,0.52,83.48,41.91,141.0,17.19
13,Male,France,119,100,219,87.07,8.68,2.14,81.15,35.2,186.0,4.06
56,Female,South Korea,62,76,115,75.17,4.96,1.31,56.8,21.41,208.0,3.79
46,Female,UK,10,34,15,40.77,1.67,7.01,35.89,12.63,324.0,0.24
